Match ID,Competing Athlete,Competing Athlete ID,Opponent,Event,Method,Result,Weight,Stage,Year
7672,Aaron Johnson,9246,Quentin Rosensweig,Kakuto 5,Inside heel hook,L,ABS,SPF,2015
8190,Aaron Johnson,9246,Neiman Gracie,NoGi Pan Ams,RNC,L,94KG,SF,2015
8785,Aaron Johnson,9246,Richie MartinezRichie Martinez,Kakuto Challenge,Heel hook,L,ABS,SF,2015
9059,Aaron Johnson,9246,Leo NogueiraLeo Nogueira,Atlanta W. Open,Points,L,94KG,SF,2016
9110,Aaron Johnson,9246,Romulo AzevedoRomulo Azevedo,UAEJJF NYC Pro,N/A,L,94KG,SF,2016
9116,Aaron Johnson,9246,Abraham MarteAbraham Marte,UAEJJF NYC Pro,Cross choke,L,HWABS,4F,2016
9373,Aaron Johnson,9246,Andre GalvaoAndre Galvao,Pan American,Choke,L,ABS,R2,2016
9500,Aaron Johnson,9246,Joao Soares,Boston Spring O.,Triangle,L,100KG,F,2016
10087,Aaron Johnson,9246,Bernardo FariaBernardo Faria,World Champ.,Triangle armbar,L,ABS,R2,2016
10120,Aaron Johnson,9246,Joao RochaJoao Rocha,BJJ Tour - CT,Choke from back,L,ABS,SF,2016
10274,Aaron Johnson,9246,Marcos TinocoMarcos Tinoco,NY Summer Open,Points,L,ABS,4F,2016
10489,Aaron Johnson,9246,Mike Hillebrand,EBI 8,Inside heel hook,L,84KG,R1,2016
10684,Aaron Johnson,9246,Dillon DanisDillon Danis,NoGi Pan Ams,Arm in guillotine,L,ABS,SF,2016
10944,Aaron Johnson,9246,Yuri SimoesYuri Simoes,NoGi Worlds,Pts: 19x0,L,O97KG,SF,2016
11671,Aaron Johnson,9246,Leo NogueiraLeo Nogueira,UAEJJF Orlando,Points,L,110KG,F,2017
11687,Aaron Johnson,9246,Helton JoseHelton Jose,Atlanta W. Open,Pts: 10x0,L,ABS,SF,2017
11947,Aaron Johnson,9246,Jonathan SatavaJonathan Satava,UAEJJF NY Pro,Points,L,U110KG,4F,2017
12001,Aaron Johnson,9246,Keenan CorneliusKeenan Cornelius,LA National Pro,Points,L,U110KG,F,2017
12224,Aaron Johnson,9246,Tanner RiceTanner Rice,Pan American,Pts: 4x2,L,94KG,8F,2017
12416,Aaron Johnson,9246,Gianni GrippoGianni Grippo,NY Spring No-Gi,Points,L,ABS,F,2017
13021,Aaron Johnson,9246,Joao RochaJoao Rocha,World Champ.,Botinha,L,ABS,R1,2017
13190,Aaron Johnson,9246,Leandro LoLeandro Lo,World Champ.,Brabo choke,L,94KG,8F,2017
13426,Aaron Johnson,9246,Mahamed AlyMahamed Aly,NY S. No-Gi Open,Calf slicer,L,O97KG,F,2017
13434,Aaron Johnson,9246,DJ JacksonDJ Jackson,NY S. No-Gi Open,Points,L,ABS,SF,2017
13647,Aaron Johnson,9246,Gordon RyanGordon Ryan,Grappling Ind.,Reverse triangle,L,ABS,SF,2017
14552,Aaron Johnson,9246,Craig JonesCraig Jones,EBI 14,Inside heel hook,L,ABS,SF,2017
14715,Aaron Johnson,9246,Joao AssisJoao Assis,NoGi Worlds,Pts: 2x0,L,97KG,SF,2017
14727,Aaron Johnson,9246,Keenan CorneliusKeenan Cornelius,NoGi Worlds,RNC,L,ABS,R1,2017
14986,Aaron Johnson,9246,Dany GerardDany Gerard,US National Pro,"Pts: 0x0, Adv",L,110KG,SF,2018
15220,Aaron Johnson,9246,Matt LeightonMatt Leighton,Continental Pro,Points,L,110KG,RR,2018
15311,Aaron Johnson,9246,Tanner RiceTanner Rice,Marianas EP,DQ,L,O85KG,F,2018
15440,Aaron Johnson,9246,Tanner RiceTanner Rice,Pan American,Pts: 7x2,L,94KG,4F,2018
16312,Aaron Johnson,9246,Matt LeightonMatt Leighton,F2W 73,Triangle armbar,L,93KG,SPF,2018
16363,Aaron Johnson,9246,Fellipe TrovoFellipe Trovo,ACB North America,Pts: 4x2,L,95KG,4F,2018
16376,Aaron Johnson,9246,Victor SilverioVictor Silverio,ACB North America,Referee Decision,L,ABS,8F,2018
17390,Aaron Johnson,9246,Rafael VasconcelosRafael Vasconcelos,Washington NGO,DQ,L,97KG,F,2018
17397,Aaron Johnson,9246,Diogo SampaioDiogo Sampaio,No Gi Pan Am.,DQ,L,ABS,8F,2018
18699,Aaron Johnson,9246,Max GimenisMax Gimenis,NoGi Worlds,Pts: 6x0,L,O97KG,4F,2018
18722,Aaron Johnson,9246,Yuri SimoesYuri Simoes,NoGi Worlds,Pts: 5x0,L,ABS,R3,2018
18872,Aaron Johnson,9246,Keenan CorneliusKeenan Cornelius,Coast Grappling,Pts: 34x0,L,ABS,SPF,2019
19658,Aaron Johnson,9246,Patrick GaudioPatrick Gaudio,Pan American,Pts: 15x0,L,94KG,4F,2019
19812,Aaron Johnson,9246,Kaynan DuarteKaynan Duarte,Kasai 5,Pts: 6x1,L,93KG,F,2019
20713,Aaron Johnson,9246,Mahamed AlyMahamed Aly,World Champ.,Choke,L,100KG,R2,2019
20988,Aaron Johnson,9246,Craig JonesCraig Jones,KASAI SS Florida,RNC,L,92KG,SPF,2019
21271,Aaron Johnson,9246,Tim SpriggsTim Spriggs,F2W 119,Referee Decision,L,100KG,SPF,2019
21626,Aaron Johnson,9246,Max GimenisMax Gimenis,No Gi Pan Am.,Pts: 11x0,L,O97KG,F,2019
21851,Aaron Johnson,9246,James PuopoloJames Puopolo,ADCC,Pts: 3x0,L,99KG,R1,2019
21930,Aaron Johnson,9246,Marcus AlmeidaMarcus Almeida,ADCC,Pts: 3x0,L,ABS,4F,2019
22527,Aaron Johnson,9246,Kyle BoehmKyle Boehm,KOTM 7,EBI/OT,L,ABS,F,2019
22559,Aaron Johnson,9246,Kyle BoehmKyle Boehm,BJJ Fanatics,EBI/OT,L,ABS,SF,2019
22839,Aaron Johnson,9246,Victor HugoVictor Hugo,NoGi Worlds,Triangle armbar,L,ABS,R1,2019
22924,Aaron Johnson,9246,Freddy Vosgrone,NoGi Worlds,Referee Decision,L,97KG,4F,2019
23480,Aaron Johnson,9246,Gordon RyanGordon Ryan,Sub Stars,Katagatame,L,N/A,SPF,2020
24083,Aaron Johnson,9246,Rafael VasconcelosRafael Vasconcelos,Grand Slam MIA,Pts: 3x0,L,94KG,SF,2020
24089,Aaron Johnson,9246,Fellipe TrovoFellipe Trovo,Grand Slam MIA,Triangle,L,94KG,3RD,2020
24124,Aaron Johnson,9246,Paulo GabrielPaulo Gabriel,Pan American,Pts: 6x4,L,ABS,R1,2020
24242,Aaron Johnson,9246,Guilherme AugustoGuilherme Augusto,Pan American,Arm in Ezekiel,L,100KG,4F,2020
24279,Aaron Johnson,9246,Daishi Goto,NFC All Valley,DQ,L,ABS,SF,2020
24349,Aaron Johnson,9246,William TackettWilliam Tackett,Subversiv 4,Katagatame,L,ABS,4F,2020
24535,Aaron Johnson,9246,Kaynan DuarteKaynan Duarte,No Gi Pan Am.,Armbar,L,97KG,F,2020
25136,Aaron Johnson,9246,Max GimenisMax Gimenis,F2W 163,Referee Decision,L,ABS,SPF,2021
25502,Aaron Johnson,9246,Vinicius TratorVinicius Trator,Orlando NGO,Pts: 5x0,L,O91KG,F,2021
25613,Aaron Johnson,9246,Kaynan DuarteKaynan Duarte,3CG 6 Absolute,Points,L,ABS,4F,2021
26071,Aaron Johnson,9246,Matheus GabrielMatheus Gabriel,N.Orleans NGO,Pts: 2x0,L,ABS,4F,2021
26214,Aaron Johnson,9246,Victor HugoVictor Hugo,NoGi Pan Am.,Pts: 2x2,L,O97KG,F,2021
26946,Aaron Johnson,9246,Gustavo BatistaGustavo Batista,F2W 176,Referee Decision,L,N/A,SPF,2021
27929,Aaron Johnson,9246,Tim SpriggsTim Spriggs,WNO Champ.,Referee Decision,L,ABS,SF,2021
7673,Aaron Johnson,9246,Vitor Schlosser,NY Summer Open,Toe hold,W,94KG,SF,2015
7674,Aaron Johnson,9246,Ricardo Bastos,NY Summer Open,Straight ankle lock,W,94KG,F,2015
8857,Aaron Johnson,9246,Joseph Cashin,Grappling Ind.,Points,W,ABS,SF,2016
8858,Aaron Johnson,9246,Gordon RyanGordon Ryan,Grappling Ind.,Points,W,ABS,F,2016
9109,Aaron Johnson,9246,Wellington Peroto,UAEJJF NYC Pro,Straight ankle lock,W,94KG,4F,2016
9499,Aaron Johnson,9246,Lincoln Pereira,Boston Spring O.,Choke from back,W,100KG,SF,2016
10074,Aaron Johnson,9246,Choi Choi,World Champ.,"Pts: 0x0, Adv",W,ABS,R1,2016
10678,Aaron Johnson,9246,Leo Davila,NoGi Pan Ams,Straight ankle lock,W,O97KG,F,2016
10681,Aaron Johnson,9246,Samir Abdolkader,NoGi Pan Ams,Flying armbar,W,ABS,4F,2016
10943,Aaron Johnson,9246,Eliot MarshallEliot Marshall,NoGi Worlds,Toe hold,W,O97KG,4F,2016
11940,Aaron Johnson,9246,Shaun Dufree,UAEJJF NY Pro,Toe hold,W,110KG,SF,2017
12000,Aaron Johnson,9246,William Nyman,LA National Pro,Submission,W,U110KG,SF,2017
12399,Aaron Johnson,9246,Daniel Richards,NY Spring Open,Points,W,O100KG,SF,2017
12400,Aaron Johnson,9246,Christian Simmerling,NY Spring Open,Points,W,O100KG,F,2017
12414,Aaron Johnson,9246,Joao Paulo,NY Spring No-Gi,Points,W,ABS,SF,2017
13182,Aaron Johnson,9246,Josh Bowlin,World Champ.,Pts: 7x6,W,94KG,R1,2017
13240,Aaron Johnson,9246,Kaliffa Oliviera,F2W 36,Referee Decision,W,94KG,SPF,2017
13550,Aaron Johnson,9246,Kory Acchione,F2W 43,Referee Decision,W,N/A,SPF,2017
13984,Aaron Johnson,9246,Leo Davilla,Atlanta SM NGO,Armbar,W,97KG,F,2017
13985,Aaron Johnson,9246,Taniel Santos,Atlanta SM NGO,Straight ankle lock,W,ABS,F,2017
14025,Aaron Johnson,9246,Oleksandr Karliychuk,No Gi Pan Am.,Straight ankle lock,W,O97KG,SF,2017
14027,Aaron Johnson,9246,Matt LeightonMatt Leighton,No Gi Pan Am.,Referee Decision,W,O97KG,F,2017
14544,Aaron Johnson,9246,Matt Kirchwhem,EBI 14,EBI/OT,W,ABS,R1,2017
14549,Aaron Johnson,9246,A. Kimler,EBI 14,Armbar,W,ABS,4F,2017
14712,Aaron Johnson,9246,Paul ArdilaPaul Ardila,NoGi Worlds,Pts: 4x0,W,97KG,4F,2017
14988,Aaron Johnson,9246,Vitor Schlosser,US National Pro,Choke from back,W,110KG,3RD,2018
15060,Aaron Johnson,9246,Gilvan Costa,Atlanta W. Open,Straight ankle lock,W,94KG,SF,2018
15061,Aaron Johnson,9246,Inacio NetoInacio Neto,Atlanta W. Open,Kneebar,W,94KG,F,2018
15218,Aaron Johnson,9246,Kenneth Brown,Continental Pro,Pts: 4x2,W,110KG,RR,2018
15310,Aaron Johnson,9246,Frisco DeLeon,Marianas EP,Adv,W,O85KG,SF,2018
15347,Aaron Johnson,9246,Rodrigo FreitasRodrigo Freitas,Pan American,Calf slicer,W,ABS,R1,2018
15355,Aaron Johnson,9246,Tanner RiceTanner Rice,Pan American,Kneebar,W,ABS,R2,2018
15436,Aaron Johnson,9246,Wellington Peroto,Pan American,Straight ankle lock,W,94KG,8F,2018
15973,Aaron Johnson,9246,Thiago Jiuliani,NY Spring Open,Points,W,100KG,SF,2018
15974,Aaron Johnson,9246,Nicholas Penzer,NY Spring Open,Straight ankle lock,W,100KG,F,2018
17455,Aaron Johnson,9246,Roberto Torralbas,No Gi Pan Am.,Pts: 2x0,W,97KG,SF,2018
17456,Aaron Johnson,9246,Jackson SousaJackson Sousa,No Gi Pan Am.,Footlock,W,97KG,F,2018
18055,Aaron Johnson,9246,Tom deBlassTom deBlass,F2W 91,Referee Decision,W,ABS,SPF,2018
18164,Aaron Johnson,9246,Riley Mccormick,ADCC EC Trials,Reverse triangle,W,O99KG,R1,2018
18166,Aaron Johnson,9246,JeQuan Williamson,ADCC EC Trials,Triangle armbar,W,O99KG,4F,2018
18167,Aaron Johnson,9246,Andrew Tevay,ADCC EC Trials,Kneebar,W,O99KG,SF,2018
18170,Aaron Johnson,9246,Hudson Taylor,ADCC EC Trials,Kneebar,W,O99KG,F,2018
18422,Aaron Johnson,9246,Kevin Gallager,Gamblers Inv.,Points,W,ABS,SPF,2018
18696,Aaron Johnson,9246,Satoshi Ishii,NoGi Worlds,Triangle,W,O97KG,R1,2018
18706,Aaron Johnson,9246,Ben Hodgkinson,NoGi Worlds,Straight ankle lock,W,ABS,R1,2018
18721,Aaron Johnson,9246,David GarmoDavid Garmo,NoGi Worlds,Pts: 10x2,W,ABS,R2,2018
19025,Aaron Johnson,9246,Ricardo AbreuRicardo Abreu,Kasai Dallas,Pts: 1x0,W,94KG,SPF,2019
19356,Aaron Johnson,9246,Gustavo Andrade,Portland Open,Straight ankle lock,W,ABS,SF,2019
19358,Aaron Johnson,9246,Nisar LoynabNisar Loynab,Portland Open,Straight ankle lock,W,ABS,F,2019
19407,Aaron Johnson,9246,Matt LeightonMatt Leighton,SubSpectrum,Straight ankle lock,W,ABS,SPF,2019
19656,Aaron Johnson,9246,M Sturua,Pan American,Choke from back,W,94KG,8F,2019
19800,Aaron Johnson,9246,Jackson SousaJackson Sousa,Kasai 5,Inside heel hook,W,93KG,RR,2019
19801,Aaron Johnson,9246,Valdir AraujoValdir Araujo,Kasai 5,---,D,93KG,RR,2019
19803,Aaron Johnson,9246,Felipe PenaFelipe Pena,Kasai 5,Inside heel hook,W,93KG,RR,2019
20706,Aaron Johnson,9246,Lucasz Gustaw,World Champ.,Mounted choke,W,100KG,R1,2019
21624,Aaron Johnson,9246,Paulo Brasil,No Gi Pan Am.,Submission,W,O97KG,SF,2019
21635,Aaron Johnson,9246,Briean Beaury,No Gi Pan Am.,Armlock,W,ABS,8F,2019
21639,Aaron Johnson,9246,Todd Mueckenheim,No Gi Pan Am.,Kimura,W,ABS,4F,2019
21923,Aaron Johnson,9246,Jon BlankJon Blank,ADCC,Straight ankle lock,W,ABS,R1,2019
22518,Aaron Johnson,9246,Viktor Vaughn,KOTM 7,Heel hook,W,ABS,R1,2019
22522,Aaron Johnson,9246,Guybson SaGuybson Sa,KOTM 7,Heel hook,W,ABS,4F,2019
22526,Aaron Johnson,9246,Quentin Rosenzweig,KOTM 7,Kneebar,W,ABS,SF,2019
22547,Aaron Johnson,9246,Keith KrikorianKeith Krikorian,BJJ Fanatics,EBI/OT,W,ABS,R1,2019
22553,Aaron Johnson,9246,William Vincent,BJJ Fanatics,Straignt ankle lock,W,ABS,R2,2019
22557,Aaron Johnson,9246,William TackettWilliam Tackett,BJJ Fanatics,EBI/OT,W,ABS,4F,2019
23472,Aaron Johnson,9246,Angelo ClaiborneAngelo Claiborne,Miami WO,Straight ankle lock,W,ABS,SF,2020
23924,Aaron Johnson,9246,Michael Egley,SUBVERSIV 3,Straight ankle lock,W,ABS,R1,2020
23961,Aaron Johnson,9246,Rafael LovatoRafael Lovato,F2W 151,Referee Decision,W,126KG,SPF,2020
24081,Aaron Johnson,9246,Bruno Assis,Grand Slam MIA,Pts: 2x1,W,94KG,4F,2020
24087,Aaron Johnson,9246,Eric Schlosser,Grand Slam MIA,DQ,W,94KG,RPC,2020
24278,Aaron Johnson,9246,Don Scozzari,NFC All Valley,Kneebar,W,ABS,4F,2020
24338,Aaron Johnson,9246,Fellipe TrovoFellipe Trovo,Subversiv 4,Referee Decision,W,ABS,R1,2020
24534,Aaron Johnson,9246,Arnaldo MaidanaArnaldo Maidana,No Gi Pan Am.,Straight ankle lock,W,97KG,SF,2020
25074,Aaron Johnson,9246,Arnaldo MaidanaArnaldo Maidana,F2W 161,Violin armlock,W,94KG,SPF,2021
25273,Aaron Johnson,9246,Jackson DouglasJackson Douglas,Dallas NGO,Violin armlock,W,O97KG,RR,2021
25275,Aaron Johnson,9246,Joe DierkhisingJoe Dierkhising,Dallas NGO,"Pts: 2x2, Adv",W,O97KG,F,2021
25280,Aaron Johnson,9246,Rida HaisamRida Haisam,Dallas NGO,"Pts: 0x0, Adv",W,ABS,4F,2021
25285,Aaron Johnson,9246,David GarmoDavid Garmo,Dallas NGO,Kneebar,W,ABS,F,2021
25500,Aaron Johnson,9246,Alexandre Bueno,Orlando NGO,"Pts: 0x0, Adv",W,O91KG,SF,2021
25506,Aaron Johnson,9246,Damon Morgan,Orlando NGO,Kneebar,W,ABS,4F,2021
25511,Aaron Johnson,9246,Pedro Palhares,Orlando NGO,N/A,W,ABS,SF,2021
25512,Aaron Johnson,9246,Giancarlo BodoniGiancarlo Bodoni,Orlando NGO,Outside heel hook,W,ABS,F,2021
26212,Aaron Johnson,9246,John Hansen,NoGi Pan Am.,Estima lock,W,O97KG,SF,2021
26649,Aaron Johnson,9246,Lucas BarbosaLucas Barbosa,F2W 174,Referee Decision,W,N/A,SPF,2021
27927,Aaron Johnson,9246,Orlando SanchezOrlando Sanchez,WNO Champ.,DQ,W,ABS,4F,2021
10359,Abdurakhman Bilarov,8494,Erberth SantosErberth Santos,Berkut 3,Referee Decision,L,ABS,SPF,2016
12677,Abdurakhman Bilarov,8494,Felipe PenaFelipe Pena,World Pro,Pts: 8x2,L,94KG,4F,2017
12901,Abdurakhman Bilarov,8494,Erberth SantosErberth Santos,ACBJJ 5,Referee Decision,L,95KG,SF,2017
13475,Abdurakhman Bilarov,8494,Helton JoseHelton Jose,ACBJJ World,DQ,L,94KG,SF,2017
13868,Abdurakhman Bilarov,8494,Felipe PenaFelipe Pena,ADCC,Pts: 5x0,L,99KG,4F,2017
14603,Abdurakhman Bilarov,8494,Felipe PenaFelipe Pena,ACB JJ 9,Arm in guillotine,L,95KG,F,2017
14971,Abdurakhman Bilarov,8494,Yuri SimoesYuri Simoes,ACB 10,Referee Decision,L,95KG,SPF,2018
16741,Abdurakhman Bilarov,8494,Igor SilvaIgor Silva,ACBJJ 14,Points,L,95KG,SPF,2018
20143,Abdurakhman Bilarov,8494,Erberth SantosErberth Santos,World Pro,Kneebar,L,94KG,4F,2019
21069,Abdurakhman Bilarov,8494,Gustavo BatistaGustavo Batista,ACB World Champ.,Pts: 5x0,L,95KG,4F,2019
6655,Abdurakhman Bilarov,8494,Claudio CalasansClaudio Calasans,Berkut Open,Pts: 4x2,W,ABS,F,2015
8541,Abdurakhman Bilarov,8494,Jackson SousaJackson Sousa,Berkut 2,Heel hook,W,ABS,SPF,2015
8902,Abdurakhman Bilarov,8494,Ilya Bogoslovsky,Russia Nat. Pro,Kimura,W,94KG,SF,2016
8903,Abdurakhman Bilarov,8494,Abdulbary Guseinov,Russia Nat. Pro,Points,W,94KG,SF,2016
11414,Abdurakhman Bilarov,8494,Jackson Jacinto,VIC Fight,Armbar,W,92KG,F,2017
12680,Abdurakhman Bilarov,8494,Jongmok Kim,World Pro,"Pts: 0x0, Adv",W,94KG,RPC,2017
12681,Abdurakhman Bilarov,8494,Basel Fanous,World Pro,"Pts: 2x2, Adv",W,94KG,RPC,2017
12897,Abdurakhman Bilarov,8494,Rodrigo CavacaRodrigo Cavaca,ACBJJ 5,Referee Decision,W,95KG,4F,2017
12980,Abdurakhman Bilarov,8494,Luc Rousseau,ADCC EU Trials,Heel hook,W,95KG,4F,2017
12981,Abdurakhman Bilarov,8494,Otto Kuikka,ADCC EU Trials,Heel hook,W,95KG,SF,2017
12982,Abdurakhman Bilarov,8494,Mraz Avdoyan,ADCC EU Trials,RNC,W,95KG,F,2017
13476,Abdurakhman Bilarov,8494,Vitor ToledoVitor Toledo,ACBJJ World,Points,W,94KG,3RD,2017
13861,Abdurakhman Bilarov,8494,Jake ShieldsJake Shields,ADCC,Pts: 5x0,W,99KG,E1,2017
14597,Abdurakhman Bilarov,8494,Jackson SousaJackson Sousa,ACB JJ 9,Heel hook,W,95KG,4F,2017
14601,Abdurakhman Bilarov,8494,Erberth SantosErberth Santos,ACB JJ 9,Heel hook,W,95KG,SF,2017
17367,Abdurakhman Bilarov,8494,Kazhigali Tuleshev,UWW NG World,Armbar,W,100KG,4F,2018
17368,Abdurakhman Bilarov,8494,Andrii Haleta,UWW NG World,Katagatame,W,100KG,SF,2018
17369,Abdurakhman Bilarov,8494,Kamil Umiski,UWW NG World,Darce choke,W,100KG,F,2018
19899,Abdurakhman Bilarov,8494,A. Ghitta,UWW European,Mounted triangle,W,100KG,4F,2019
19900,Abdurakhman Bilarov,8494,Andrii Haleta,UWW European,RNC,W,100KG,SF,2019
19901,Abdurakhman Bilarov,8494,T. Galimov,UWW European,RNC,W,100KG,F,2019
20149,Abdurakhman Bilarov,8494,Nicolas Penzer,World Pro,Pts: 7x2,W,94KG,RPC,2019
46012,Abdurakhman Bilarov,8494,Pouya Rahman,AIGA Finals,DQ,W,O91KG,3RD,2023
4649,Abraham Marte Messina,3083,R. EvangelistaR. Evangelista,Brasileiro,Adv,L,O100KG,SF,2013
4754,Abraham Marte Messina,3083,Andre GalvaoAndre Galvao,World Champ.,Kneebar,L,ABS,RDS,2013
4828,Abraham Marte Messina,3083,Rodrigo CavacaRodrigo Cavaca,World Champ.,DQ,L,O100KG,SF,2013
5313,Abraham Marte Messina,3083,Victor EstimaVictor Estima,Pan American,Estima lock,L,ABS,R3,2014
5422,Abraham Marte Messina,3083,Andre GalvaoAndre Galvao,Pan American,Choke from back,L,O100KG,SF,2014
5503,Abraham Marte Messina,3083,Lucas LepriLucas Lepri,WP Montreal,Armbar,L,ABS,SF,2014
5626,Abraham Marte Messina,3083,Andre GalvaoAndre Galvao,World Pro.,wristlock,L,ABS,R2,2014
5711,Abraham Marte Messina,3083,Bernardo FariaBernardo Faria,World Champ.,Armbar,L,ABS,R3,2014
5857,Abraham Marte Messina,3083,Alexander TransAlexander Trans,World Champ.,Pts: 2x0,L,O100KG,4F,2014
5985,Abraham Marte Messina,3083,Gabriel LucasGabriel Lucas,No Gi Pan Am.,Pts: 3x0,L,O100KG,F,2014
5994,Abraham Marte Messina,3083,AJ AgazarmAJ Agazarm,No Gi Pan Am.,Pts: 4x2,L,ABS,SF,2014
6007,Abraham Marte Messina,3083,Keenan CorneliusKeenan Cornelius,NoGi Worlds,"Pts: 2x2, Adv",L,ABS,RDS,2014
6068,Abraham Marte Messina,3083,Yuri SimoesYuri Simoes,NoGi Worlds,Points,L,O100KG,SF,2014
6119,Abraham Marte Messina,3083,Bernardo FariaBernardo Faria,NYC Pro,Kneebar,L,O100KG,F,2014
6156,Abraham Marte Messina,3083,Claudio CalasansClaudio Calasans,Asian Open,Pts: 5x4,L,ABS,F,2014
6891,Abraham Marte Messina,3083,James PuopoloJames Puopolo,Pan American,Pts: 7x4,L,O100KG,4F,2015
7396,Abraham Marte Messina,3083,Alexander TransAlexander Trans,World Champ.,Kneebar,L,ABS,SF,2015
7767,Abraham Marte Messina,3083,Joao AssisJoao Assis,FIVE SL,Heel hook,L,ABS,4F,2015
7903,Abraham Marte Messina,3083,Joao RochaJoao Rocha,ADCC,Pts: 3x0,L,O99KG,4F,2015
9064,Abraham Marte Messina,3083,Jonathan SatavaJonathan Satava,US National Pro,Pts: 3x0,L,ABS,F,2016
9118,Abraham Marte Messina,3083,Thiago SaThiago Sa,UAEJJF NYC Pro,Pts: 4x0,L,HWABS,SF,2016
9119,Abraham Marte Messina,3083,Romulo AzevedoRomulo Azevedo,UAEJJF NYC Pro,Pts: 5x2,L,HWABS,3RD,2016
9356,Abraham Marte Messina,3083,Dany GerardDany Gerard,Pan American,Choke,L,O100KG,4F,2016
9389,Abraham Marte Messina,3083,Leo NogueiraLeo Nogueira,Pan American,Pts: 6x0,L,ABS,8F,2016
11137,Abraham Marte Messina,3083,Mahamed AlyMahamed Aly,NY BJJ Pro,N/A,L,O94KG,SF,2016
3836,Abraham Marte Messina,3083,Daniel GarciaDaniel Garcia,Team Nationals,Kimura,W,O88KG,NA,2012
4647,Abraham Marte Messina,3083,Tiago Reinaldo,Brasileiro,Ezekiel,W,O100KG,R1,2013
4648,Abraham Marte Messina,3083,C. de Plastico,Brasileiro,Points,W,O100KG,4F,2013
4726,Abraham Marte Messina,3083,Max Freitas,World Champ.,Triangle armbar,W,ABS,RDS,2013
4743,Abraham Marte Messina,3083,Renato CardosoRenato Cardoso,World Champ.,Bow and arrow,W,ABS,RDS,2013
4822,Abraham Marte Messina,3083,Orlando SanchezOrlando Sanchez,World Champ.,Pts: 8x0,W,O100KG,R1,2013
4826,Abraham Marte Messina,3083,R. EvangelistaR. Evangelista,World Champ.,Pts: 2x0,W,O100KG,4F,2013
5308,Abraham Marte Messina,3083,Tiago Giussani,Pan American,Choke,W,ABS,R2,2014
5496,Abraham Marte Messina,3083,Tiago Giussani,WP Montreal,Triangle,W,O100KG,R1,2014
5497,Abraham Marte Messina,3083,Unknown,WP Montreal,Triangle,W,O100KG,4F,2014
5498,Abraham Marte Messina,3083,Unknown,WP Montreal,Kimura,W,O100KG,SF,2014
5499,Abraham Marte Messina,3083,Keneth Brown,WP Montreal,Armbar,W,O100KG,F,2014
5500,Abraham Marte Messina,3083,Tanner RiceTanner Rice,WP Montreal,Cross choke,W,ABS,4F,2014
5561,Abraham Marte Messina,3083,Martin Ottaviano,Copa Podio,Choke,W,ABS,SPF,2014
5621,Abraham Marte Messina,3083,Igor SilvaIgor Silva,World Pro.,Points,W,ABS,R1,2014
5702,Abraham Marte Messina,3083,Raphael Goulart,World Champ.,Choke,W,ABS,R2,2014
5710,Abraham Marte Messina,3083,R. Goulart,World Champ.,Bow and arrow,W,ABS,R2,2014
5852,Abraham Marte Messina,3083,Unknown,World Champ.,Triangle,W,O100KG,R1,2014
5853,Abraham Marte Messina,3083,Kitner Moura,World Champ.,Armbar,W,O100KG,R2,2014
5984,Abraham Marte Messina,3083,Bruno BastosBruno Bastos,No Gi Pan Am.,Triangle,W,O100KG,SF,2014
5986,Abraham Marte Messina,3083,Gabriel Toribio,No Gi Pan Am.,DQ,W,ABS,R1,2014
5991,Abraham Marte Messina,3083,Enrique Coco,No Gi Pan Am.,Pts: 4x0,W,ABS,4F,2014
6065,Abraham Marte Messina,3083,Gabriel Vieira,NoGi Worlds,Pts: 2x0,W,O100KG,4F,2014
6117,Abraham Marte Messina,3083,Kenneth Brown,NYC Pro,Triangle,W,O100KG,SF,2014
6153,Abraham Marte Messina,3083,Unknown,Asian Open,Choke,W,ABS,4F,2014
6154,Abraham Marte Messina,3083,Rodrigo CaporalRodrigo Caporal,Asian Open,Pts: 10x0,W,ABS,SF,2014
6160,Abraham Marte Messina,3083,Charles Gaspar,Asian Open,Brabo choke,W,O100KG,F,2014
6889,Abraham Marte Messina,3083,Daniel Tsatsos,Pan American,Triangle,W,O100KG,R1,2015
7372,Abraham Marte Messina,3083,Arnaldo MaidanaArnaldo Maidana,World Champ.,Triangle,W,ABS,R1,2015
7386,Abraham Marte Messina,3083,Leo NogueiraLeo Nogueira,World Champ.,Armbar,W,ABS,8F,2015
7515,Abraham Marte Messina,3083,Keneth Brown,World Champ.,Armbar,W,O100KG,8F,2015
7899,Abraham Marte Messina,3083,Juskowiak Mateusz,ADCC,Triangle w/ arm,W,O99KG,R1,2015
8196,Abraham Marte Messina,3083,Jason Lees,NoGi Pan Ams,Short choke,W,O100KG,SF,2015
8197,Abraham Marte Messina,3083,Gustavo DiasGustavo Dias,NoGi Pan Ams,"Pts: 2x2, Adv",W,O100KG,F,2015
9063,Abraham Marte Messina,3083,Q. Rosenzweig,US National Pro,Choke from mount,W,ABS,SF,2016
9113,Abraham Marte Messina,3083,Mahamed AlyMahamed Aly,UAEJJF NYC Pro,"Pts: 0x0, Adv",W,O94KG,RR,2016
9115,Abraham Marte Messina,3083,Luiz PanzaLuiz Panza,UAEJJF NYC Pro,Referee Decision,W,O94KG,RR,2016
9116,Abraham Marte Messina,3083,Tex JohnsonTex Johnson,UAEJJF NYC Pro,Cross choke,W,HWABS,4F,2016
9351,Abraham Marte Messina,3083,Pablo Lemos,Pan American,"Pts: 4x4, Adv",W,O100KG,8F,2016
9372,Abraham Marte Messina,3083,Manuel RibamarManuel Ribamar,Pan American,Kimura,W,ABS,R2,2016
15043,Adam Benayoun,8814,Chris Kriebel,Atlanta W. Open,Referee Decision,L,70KG,4F,2018
15586,Adam Benayoun,8814,Thiago MacedoThiago Macedo,Chicago Sp. Open,Points,L,70KG,SF,2018
15769,Adam Benayoun,8814,Frederico Alves,Washington SPO,"Pts: 2x2, Adv",L,70KG,4F,2018
15886,Adam Benayoun,8814,Silvio DuranSilvio Duran,Atlanta Sp. Open,Pts: 8x6,L,70KG,F,2018
15892,Adam Benayoun,8814,Thomas Keenan,Atlanta Sp. Open,Arm in Ezekiel,L,ABS,SF,2018
17054,Adam Benayoun,8814,Matheus GonzagaMatheus Gonzaga,Boston SMO,Points,L,70KG,F,2018
17413,Adam Benayoun,8814,Pablo MantovaniPablo Mantovani,No Gi Pan Am.,Kneebar,L,67KG,SF,2018
17860,Adam Benayoun,8814,Paulo MiyaoPaulo Miyao,Miami FO,Pts: 9x4,L,70KG,F,2018
18093,Adam Benayoun,8814,Felipe LinharesFelipe Linhares,Charlotte Open,Choke from back,L,70KG,F,2018
18125,Adam Benayoun,8814,T. Ruotolo,ADCC EC Trials,Referee Decision,L,66KG,4F,2018
18598,Adam Benayoun,8814,Thiago MacedoThiago Macedo,NoGi Worlds,Referee Decision,L,67KG,R2,2018
19185,Adam Benayoun,8814,Matheus GonzagaMatheus Gonzaga,Atlanta WO,Adv,L,70KG,SF,2019
19262,Adam Benayoun,8814,Gabriel SousaGabriel Sousa,US Continental,Points,L,69KG,F,2019
19362,Adam Benayoun,8814,Igor Mocaiber,Canada Pro,Referee Decision,L,ABS,SF,2019
23258,Adam Benayoun,8814,Yuta ShimadaYuta Shimada,Atlanta WO,Referee Decision,L,70KG,F,2020
23574,Adam Benayoun,8814,Silvio DuranSilvio Duran,Kansas Open,N/A,L,70KG,SF,2020
24173,Adam Benayoun,8814,Thiago MacedoThiago Macedo,Pan American,50/50 armbar,L,70KG,8F,2020
24496,Adam Benayoun,8814,Francisco CuneoFrancisco Cuneo,No Gi Pan Am.,Referee Decision,L,73KG,4F,2020
28267,Adam Benayoun,8814,Diego OliveiraDiego Oliveira,NoGi Worlds,"Pts: 0x0, Adv",L,67KG,4F,2021
28840,Adam Benayoun,8814,Junny OcasioJunny Ocasio,ADCC EC Trials,Referee Decision,L,66KG,R4,2021
30936,Adam Benayoun,8814,Kieran KichukKieran Kichuk,Emerald City,EBI/OT,L,70KG,F,2022
31561,Adam Benayoun,8814,Josh CisnerosJosh Cisneros,ADCC WC Trials,Referee Decision,L,66KG,8F,2022
35623,Adam Benayoun,8814,Gavin Corbe,NoGi Pan,"Pts: 0x0, Adv",L,67KG,F,2022
36933,Adam Benayoun,8814,Gavin Corbe,NoGi Worlds,Referee Decision,L,67KG,4F,2022
15548,Adam Benayoun,8814,Reuben Sagman,Canada Nat. Pro,Triangle,W,69KG,SF,2018
15549,Adam Benayoun,8814,Thiago Barbosa,Canada Nat. Pro,"Pts: 0x0, Adv",W,69KG,F,2018
15553,Adam Benayoun,8814,Chris Bumgardner,Copa Virginia,Triangle,W,76KG,SF,2018
15554,Adam Benayoun,8814,Scott Dance,Copa Virginia,Omoplata,W,76KG,F,2018
15885,Adam Benayoun,8814,Fred Alves,Atlanta Sp. Open,"Pts: 2x2, Adv",W,70KG,SF,2018
15891,Adam Benayoun,8814,Christopher Carmo,Atlanta Sp. Open,Pts: 12x8,W,ABS,4F,2018
15963,Adam Benayoun,8814,Silvio DuranSilvio Duran,NY Spring Open,Adv,W,70KG,4F,2018
15965,Adam Benayoun,8814,Tiago Ribeiro,NY Spring Open,Triangle,W,70KG,SF,2018
15966,Adam Benayoun,8814,Matheus GonzagaMatheus Gonzaga,NY Spring Open,Adv,W,70KG,F,2018
17053,Adam Benayoun,8814,Joshua Presley,Boston SMO,N/A,W,70KG,SF,2018
17859,Adam Benayoun,8814,Daniel Paulino,Miami FO,Katagatame,W,70KG,SF,2018
18091,Adam Benayoun,8814,Charles Murdock,Charlotte Open,N/A,W,70KG,SF,2018
18109,Adam Benayoun,8814,M. Zindler,ADCC EC Trials,Anaconda choke,W,66KG,R1,2018
18121,Adam Benayoun,8814,Cole FransonCole Franson,ADCC EC Trials,Referee Decision,W,66KG,8F,2018
18460,Adam Benayoun,8814,Spencer Nogawa,Denver Open,N/A,W,70KG,SF,2018
18462,Adam Benayoun,8814,Brandon WalenskyBrandon Walensky,Denver Open,Points,W,70KG,F,2018
18591,Adam Benayoun,8814,Tomoshige Sera,NoGi Worlds,Pts: 8x4,W,67KG,R1,2018
19182,Adam Benayoun,8814,Orlando Andaviza,Atlanta WO,Points,W,70KG,4F,2019
19261,Adam Benayoun,8814,Luan da Silva,US Continental,N/A,W,69KG,RR,2019
19360,Adam Benayoun,8814,Jon Lau,Canada Pro,Pts: 2x0,W,70KG,SF,2019
19361,Adam Benayoun,8814,Reuben Sagman,Canada Pro,Bow and arrow,W,70KG,F,2019
19363,Adam Benayoun,8814,Reuben Sagman,Canada Pro,Submission,W,ABS,3RD,2019
23255,Adam Benayoun,8814,Giovani Marcelo,Atlanta WO,"Pts: 2x2, Adv",W,70KG,4F,2020
23257,Adam Benayoun,8814,Emilio HernandezEmilio Hernandez,Atlanta WO,Armbar,W,70KG,SF,2020
23571,Adam Benayoun,8814,Victor Paschoal,Kansas Open,Points,W,70KG,4F,2020
24019,Adam Benayoun,8814,Edward Hohl,Oklahoma Open,Points,W,70KG,SF,2020
24021,Adam Benayoun,8814,Samuel NagaiSamuel Nagai,Oklahoma Open,Pts: 6x2,W,70KG,F,2020
24170,Adam Benayoun,8814,Edward Hohl,Pan American,Pts: 4x2,W,70KG,R1,2020
24494,Adam Benayoun,8814,Mauricio Gomez,No Gi Pan Am.,Pts: 2x0,W,73KG,R1,2020
25483,Adam Benayoun,8814,Marcus BeddorMarcus Beddor,Orlando NGO,Points,W,67KG,4F,2021
25485,Adam Benayoun,8814,Suraj Budhram,Orlando NGO,Points,W,67KG,SF,2021
25486,Adam Benayoun,8814,Orlando Castillo,Orlando NGO,Verbal tap,W,67KG,F,2021
26657,Adam Benayoun,8814,Jordan Holy,3CG MW GP,Points,W,73KG,SPF,2021
27204,Adam Benayoun,8814,Kieran Davern,Polaris Squads,---,D,ABS,RR,2021
27217,Adam Benayoun,8814,Bradley Hill,Polaris Squads,---,D,ABS,RR,2021
27226,Adam Benayoun,8814,Jed Hue,Polaris Squads,---,D,ABS,RR,2021
28262,Adam Benayoun,8814,Elijah Tagalog,NoGi Worlds,Pts: 10x0,W,67KG,8F,2021
28726,Adam Benayoun,8814,Felipe Makoto,Nashville NGO,Estima lock,W,67KG,4F,2021
28727,Adam Benayoun,8814,Huthayfah Penney,Nashville NGO,RNC,W,67KG,SF,2021
28729,Adam Benayoun,8814,Emilio HernandezEmilio Hernandez,Nashville NGO,RNC,W,67KG,F,2021
28806,Adam Benayoun,8814,Kaleb Wats,ADCC EC Trials,Darce choke,W,66KG,R1,2021
28819,Adam Benayoun,8814,Joey Diehl,ADCC EC Trials,Pts: 2x0,W,66KG,R2,2021
28831,Adam Benayoun,8814,Samson Sausser,ADCC EC Trials,Referee Decision,W,66KG,R3,2021
30034,Adam Benayoun,8814,Miha Perhavec,Austin WNGO,Pts: 4x2,W,ABS,SF,2022
30035,Adam Benayoun,8814,Austin OrandayAustin Oranday,Austin WNGO,Referee Decision,W,ABS,F,2022
30566,Adam Benayoun,8814,Dany Vega,N. Orleans NGO,Darce choke,W,73KG,RR,2022
30567,Adam Benayoun,8814,Damion OrandayDamion Oranday,N. Orleans NGO,Inside heel hook,W,73KG,F,2022
30931,Adam Benayoun,8814,Gabriel SousaGabriel Sousa,Emerald City,EBI/OT,W,70KG,4F,2022
30934,Adam Benayoun,8814,Jon CalestineJon Calestine,Emerald City,EBI/OT,W,70KG,SF,2022
31524,Adam Benayoun,8814,Easton Farr,ADCC WC Trials,Anaconda choke,W,66KG,R1,2022
31539,Adam Benayoun,8814,Riley Golden,ADCC WC Trials,Inside heel hook,W,66KG,R2,2022
31555,Adam Benayoun,8814,Kristofer Arrey,ADCC WC Trials,Armbar,W,66KG,R3,2022
31560,Adam Benayoun,8814,Cameron Mellott,ADCC WC Trials,Pts: 3x0,W,66KG,R4,2022
35612,Adam Benayoun,8814,Emilio HernandezEmilio Hernandez,NoGi Pan,Pts: 8x6,W,67KG,R1,2022
35617,Adam Benayoun,8814,Lukete SilvaLukete Silva,NoGi Pan,Referee Decision,W,67KG,4F,2022
35621,Adam Benayoun,8814,Gianni GrippoGianni Grippo,NoGi Pan,"Pts: 8x8, Adv",W,67KG,SF,2022
36928,Adam Benayoun,8814,Richard AlarconRichard Alarcon,NoGi Worlds,Pts: 4x2,W,67KG,R1,2022
46816,Adam Benayoun,8814,Daniel Wanderley,Miami NGO,N/A,W,73KG,F,2024
14004,Adam Ferrara,8131,Joao MiyaoJoao Miyao,No Gi Pan Am.,RNC,L,61KG,SF,2017
14630,Adam Ferrara,8131,Silvio DuranSilvio Duran,Cincinnati Open,Pts: 4x2,L,70KG,SF,2017
15144,Adam Ferrara,8131,Thiago MacedoThiago Macedo,Houston Open,Choke from back,L,70KG,F,2018
15583,Adam Ferrara,8131,Rene Lopez,Chicago Sp. Open,Adv,L,64KG,SF,2018
16392,Adam Ferrara,8131,Thiago MacedoThiago Macedo,Miami SPO,"Pts: 2x2, Adv",L,70KG,SF,2018
17851,Adam Ferrara,8131,Rodrigo FrancioniRodrigo Francioni,F2W 89,Referee Decision,L,N/A,SPF,2018
18597,Adam Ferrara,8131,Samir ChantreSamir Chantre,NoGi Worlds,"Pts: 0x0, Adv",L,67KG,R2,2018
20844,Adam Ferrara,8131,John Ortalani,G.I. Gi,Referee Decision,L,77KG,RR,2019
21132,Adam Ferrara,8131,Orlando Castillo,Sub Stars,Points,L,70KG,SPF,2019
23205,Adam Ferrara,8131,Emilio HernandezEmilio Hernandez,JitzKing,Kneebar,L,65KG,R1,2020
25066,Adam Ferrara,8131,Junny OcasioJunny Ocasio,F2W 160,Inside heel hook,L,61KG,SPF,2021
14001,Adam Ferrara,8131,Tadashi Takashima,No Gi Pan Am.,RNC,W,61KG,4F,2017
14629,Adam Ferrara,8131,Kris Kriebel,Cincinnati Open,Toe hold,W,70KG,4F,2017
15143,Adam Ferrara,8131,Samuel BragaSamuel Braga,Houston Open,Kneebar,W,70KG,SF,2018
15582,Adam Ferrara,8131,Carlos Perez,Chicago Sp. Open,Toe hold,W,64KG,4F,2018
15723,Adam Ferrara,8131,Rodrigo Oliveira,F2W 68,Referee Decision,W,65KG,SPF,2018
16390,Adam Ferrara,8131,Yijad Moussa,Miami SPO,Toe hold,W,70KG,4F,2018
18593,Adam Ferrara,8131,Ighor Luis,NoGi Worlds,Toe hold,W,67KG,R1,2018
19705,Adam Ferrara,8131,Martin Davilla,F2W 106,Calf slicer,W,70KG,SPF,2019
20843,Adam Ferrara,8131,Clayton Lyon,G.I. Gi,Pts: 10x4,W,77KG,RR,2019
20845,Adam Ferrara,8131,Clay Simon,G.I. NoGi,Triangle armbar,W,70KG,RR,2019
20846,Adam Ferrara,8131,Sky Moischiek,G.I. NoGi,RNC,W,70KG,RR,2019
20847,Adam Ferrara,8131,Zach Delilovik,G.I. NoGi,Armbar,W,70KG,RR,2019
25796,Adam Ferrara,8131,Jason Gates,Arte Suave,Triangle,W,N/A,SPF,2021
26023,Adam Ferrara,8131,Sean Joseph,SUBVERSIV 5,Armbar,W,70KG,SPF,2021
26312,Adam Ferrara,8131,Thomas Waldron,Miami NGO,N/A,W,67KG,SF,2021
11339,Adam Wardzinski,7478,Nelton PontesNelton Pontes,Spain Nat. Pro,Referee Decision,L,ABS,F,2016
11471,Adam Wardzinski,7478,Alexandre RibeiroAlexandre Ribeiro,Grand Slam AD,"Pts: 0x0, Adv",L,94KG,F,2017
11623,Adam Wardzinski,7478,Tanner RiceTanner Rice,European Open,Referee Decision,L,94KG,SF,2017
12074,Adam Wardzinski,7478,Alexandre RibeiroAlexandre Ribeiro,Grand Slam LDN,Choke from back,L,94KG,F,2017
12361,Adam Wardzinski,7478,Pablo PopovitchPablo Popovitch,European NoGi,Referee Decision,L,92KG,SF,2017
12683,Adam Wardzinski,7478,Felipe PenaFelipe Pena,World Pro,Choke from back,L,94KG,F,2017
12902,Adam Wardzinski,7478,Felipe PenaFelipe Pena,ACBJJ 5,Points,L,95KG,SF,2017
13194,Adam Wardzinski,7478,Dimitrius SouzaDimitrius Souza,World Champ.,Pts: 6x4,L,94KG,4F,2017
13399,Adam Wardzinski,7478,Marcos SouzaMarcos Souza,Grand Slam TYO,Pts: 2x0,L,94KG,F,2017
13833,Adam Wardzinski,7478,Lucas BarbosaLucas Barbosa,Grand Slam LA,"Pts: 0x0, Adv",L,94KG,F,2017
13994,Adam Wardzinski,7478,Raphael Souza,Copenhagen Open,Choke from back,L,ABS,F,2017
14378,Adam Wardzinski,7478,Guilherme AugustoGuilherme Augusto,Grand Slam RJ,"Pts: 0x0, Adv",L,94KG,4F,2017
14383,Adam Wardzinski,7478,Alexandre RibeiroAlexandre Ribeiro,Grand Slam RJ,Pts: 2x0,L,94KG,RPC,2017
14847,Adam Wardzinski,7478,Helton JoseHelton Jose,Grand Slam AD,Referee Decision,L,94KG,F,2018
14951,Adam Wardzinski,7478,Keenan CorneliusKeenan Cornelius,European Open,Armbar,L,94KG,SF,2018
15228,Adam Wardzinski,7478,DJ JacksonDJ Jackson,Spain Nat. Pro,"Pts: 0x0, Adv",L,94KG,F,2018
15249,Adam Wardzinski,7478,Jaime CanutoJaime Canuto,Swiss Nat. Pro,"Pts: 2x2, Adv",L,ABS,F,2018
15529,Adam Wardzinski,7478,Paulo Pinto,Grand Slam LDN,"Pts: 0x0, Adv",L,94KG,SF,2018
15863,Adam Wardzinski,7478,Felipe PenaFelipe Pena,ACBJJ 12,Bow and arrow,L,95KG,SPF,2018
16182,Adam Wardzinski,7478,Felipe PenaFelipe Pena,World Pro,Pts: 4x0,L,94KG,F,2018
16577,Adam Wardzinski,7478,Felipe PenaFelipe Pena,World Champ.,Pts: 6x0,L,94KG,8F,2018
17502,Adam Wardzinski,7478,Fernando ReisFernando Reis,Sao Paulo Open,Pts: 2x0,L,ABS,4F,2018
17599,Adam Wardzinski,7478,Gustavo BatistaGustavo Batista,Grand Slam LA,Referee Decision,L,94KG,SF,2018
17645,Adam Wardzinski,7478,R. EvangelistaR. Evangelista,King of Mats,"Pts: 0x0, Adv",L,110KG,RR,2018
18325,Adam Wardzinski,7478,Kaynan DuarteKaynan Duarte,Grand Slam RJ,Pts: 2x0,L,94KG,SF,2018
18936,Adam Wardzinski,7478,Gustavo BatistaGustavo Batista,European Open,Pts: 3x0,L,94KG,SF,2019
19464,Adam Wardzinski,7478,Kaynan DuarteKaynan Duarte,Grand Slam LDN,Toe hold,L,94KG,F,2019
19663,Adam Wardzinski,7478,Kaynan DuarteKaynan Duarte,Pan American,"Pts: 2x2, Adv",L,94KG,F,2019
20147,Adam Wardzinski,7478,Kaynan DuarteKaynan Duarte,World Pro,Kneebar,L,94KG,F,2019
20700,Adam Wardzinski,7478,Kaynan DuarteKaynan Duarte,World Champ.,Armbar,L,94KG,4F,2019
20759,Adam Wardzinski,7478,Rudson MateusRudson Mateus,King of Mats,Pts: 2x0,L,110KG,RR,2019
20767,Adam Wardzinski,7478,Jonnatas GracieJonnatas Gracie,King of Mats,Pts: 2x0,L,110KG,RR,2019
21072,Adam Wardzinski,7478,Helton JoseHelton Jose,ACB World Champ.,"Pts: 0x0, Adv",L,95KG,F,2019
21869,Adam Wardzinski,7478,Josh HingerJosh Hinger,ADCC,Arm in guillotine,L,88KG,4F,2019
22214,Adam Wardzinski,7478,Marcelo GomideMarcelo Gomide,European NoGi,Pts: 6x2,L,ABS,4F,2019
22363,Adam Wardzinski,7478,Luan AzevedoLuan Azevedo,Grand Slam RJ,"Pts: 0x0, Adv",L,94KG,F,2019
22718,Adam Wardzinski,7478,Craig JonesCraig Jones,GrappleFest 7,Reverse triangle,L,100KG,SPF,2019
23169,Adam Wardzinski,7478,Keenan CorneliusKeenan Cornelius,European Open,"Pts: 4x4, Adv",L,94KG,F,2020
23558,Adam Wardzinski,7478,Jon BlankJon Blank,Grapplefest 8,Inside heel hook,L,90KG,SPF,2020
27662,Adam Wardzinski,7478,Gustavo BatistaGustavo Batista,Pan American,"Pts: 0x0, Adv",L,94KG,F,2021
28234,Adam Wardzinski,7478,Pedro MarinhoPedro Marinho,NoGi Worlds,Pts: 5x0,L,ABS,SF,2021
28354,Adam Wardzinski,7478,Pedro MarinhoPedro Marinho,NoGi Worlds,Pts: 6x0,L,91KG,SF,2021
29275,Adam Wardzinski,7478,Erich MunisErich Munis,World Pro,Pts: 4x2,L,94KG,F,2021
29336,Adam Wardzinski,7478,Rafael LovatoRafael Lovato,Raw GC,Referee Decision,L,ABS,SPF,2021
29595,Adam Wardzinski,7478,Luan AzevedoLuan Azevedo,World Champ.,"Pts: 0x0, Adv",L,94KG,R1,2021
30687,Adam Wardzinski,7478,Yatan BuenoYatan Bueno,European Open,Pts: 9x0,L,ABS,SF,2022
31183,Adam Wardzinski,7478,Santeri LiliusSanteri Lilius,Grand Slam LDN,Pts: 4x4,L,94KG,4F,2022
31640,Adam Wardzinski,7478,Roosevelt SousaRoosevelt Sousa,Pan American,Botinha,L,ABS,R2,2022
31756,Adam Wardzinski,7478,Matheus DinizMatheus Diniz,Pan American,Pts: 3x0,L,94KG,4F,2022
33054,Adam Wardzinski,7478,Pedro MachadoPedro Machado,World Champ.,Armbar,L,94KG,4F,2022
36238,Adam Wardzinski,7478,Fernando ReisFernando Reis,European NG,Points,L,97KG,SF,2022
36884,Adam Wardzinski,7478,Francisco LoFrancisco Lo,NoGi Worlds,Triangle,L,ABS,8F,2022
37009,Adam Wardzinski,7478,Fellipe TrovoFellipe Trovo,NoGi Worlds,Toe hold,L,97KG,SF,2022
37394,Adam Wardzinski,7478,Fellipe AndrewFellipe Andrew,European Open,Pts: 7x0,L,94KG,F,2023
38412,Adam Wardzinski,7478,Bruno LimaBruno Lima,ADGS LDN,Pts: 1x0,L,94KG,SF,2023
39157,Adam Wardzinski,7478,Fellipe AndrewFellipe Andrew,BJJ Stars,Pts: 3x0,L,ABS,4F,2023
40548,Adam Wardzinski,7478,Italo LimaItalo Lima,World Champ.,Triangle,L,94KG,8F,2023
43179,Adam Wardzinski,7478,Fellipe AndrewFellipe Andrew,ADGS Miami,Pts: 3x1,L,94KG,F,2023
45185,Adam Wardzinski,7478,Matheus DinizMatheus Diniz,Nashville FNGO,Crucifix choke,L,97KG,RR,2023
45897,Adam Wardzinski,7478,Elder CruzElder Cruz,NoGi World,"Pts: 0x0, Adv",L,91KG,F,2023
47240,Adam Wardzinski,7478,Taylor Pearman,ADCC EU Trials,Inside heel hook,L,88KG,SF,2024
48118,Adam Wardzinski,7478,Pedro MachadoPedro Machado,Pan American,Armbar,L,94KG,SF,2024
11320,Adam Wardzinski,7478,Burak Biter,Greece Nat. Pro,Submission,W,94KG,SF,2016
11321,Adam Wardzinski,7478,Piotr Wojtkowski,Greece Nat. Pro,Points,W,94KG,F,2016
11322,Adam Wardzinski,7478,Marian Klosowski,Polish Nationals,Arm in Ezekiel,W,94KG,4F,2016
11323,Adam Wardzinski,7478,Radoslaw Turek,Polish Nationals,RNC,W,94KG,SF,2016
11324,Adam Wardzinski,7478,Piotr Baginski,Polish Nationals,Points,W,94KG,F,2016
11325,Adam Wardzinski,7478,Pawel Nedzi,Polish Nationals,RNC,W,ABS,4F,2016
11326,Adam Wardzinski,7478,Tomasz Skorkowski,Polish Nationals,Injury,W,ABS,SF,2016
11327,Adam Wardzinski,7478,Maciej Kałuszewski,Polish Nationals,Points,W,ABS,F,2016
11328,Adam Wardzinski,7478,Adam Niedzwiedz,Poznan Gala,RNC,W,ABS,SPF,2016
11332,Adam Wardzinski,7478,Tomasz Skorowski,Octopus Cup III,Ezekiel,W,94KG,F,2016
11333,Adam Wardzinski,7478,Arturo Salas,Spain Nat. Pro,Points,W,94KG,F,2016
11336,Adam Wardzinski,7478,Antonio Junior,Spain Nat. Pro,Points,W,ABS,4F,2016
11338,Adam Wardzinski,7478,Arturo Salas,Spain Nat. Pro,Points,W,ABS,SF,2016
11468,Adam Wardzinski,7478,Rodolfo Bonfim,Grand Slam AD,Pts: 8x2,W,94KG,4F,2017
11620,Adam Wardzinski,7478,Manuel RibamarManuel Ribamar,European Open,Pts: 2x0,W,94KG,4F,2017
11974,Adam Wardzinski,7478,Matheus Rodrigues,Munich Open,Choke from back,W,94KG,SF,2017
11975,Adam Wardzinski,7478,Lucio RodriguesLucio Rodrigues,Munich Open,Pts: 31x2,W,94KG,F,2017
11979,Adam Wardzinski,7478,Gerson Carvalho,Munich Open,Choke,W,ABS,4F,2017
11981,Adam Wardzinski,7478,Igor Araujo,Munich Open,Toe hold,W,ABS,SF,2017
11982,Adam Wardzinski,7478,Igor SilvaIgor Silva,Munich Open,Pts: 2x0,W,ABS,F,2017
12023,Adam Wardzinski,7478,Vinicius Nascimento,London WO,Pts: 32x0,W,ABS,SF,2017
12072,Adam Wardzinski,7478,Arya EsfandmazArya Esfandmaz,Grand Slam LDN,Pts: 16x2,W,94KG,SF,2017
12305,Adam Wardzinski,7478,Rodrigo Reis,Rome Open,N/A,W,94KG,SF,2017
12313,Adam Wardzinski,7478,Mahamed AlyMahamed Aly,Rome Open,Pts: 4x0,W,ABS,SF,2017
12314,Adam Wardzinski,7478,Isaque BahienseIsaque Bahiense,Rome Open,Choke from back,W,ABS,F,2017
12360,Adam Wardzinski,7478,Felipe Arantes,European NoGi,Anaconda choke,W,92KG,4F,2017
12678,Adam Wardzinski,7478,Diego Herzog,World Pro,Pts: 14x7,W,94KG,4F,2017
12899,Adam Wardzinski,7478,Vinny MagalhaesVinny Magalhaes,ACBJJ 5,Points,W,95KG,4F,2017
13189,Adam Wardzinski,7478,Tanner RiceTanner Rice,World Champ.,Arm in Ezekiel,W,94KG,8F,2017
13398,Adam Wardzinski,7478,Luan Arouca,Grand Slam TYO,Submission,W,94KG,SF,2017
13830,Adam Wardzinski,7478,Wellinton Modena,Grand Slam LA,Pts: 5x0,W,94KG,4F,2017
13831,Adam Wardzinski,7478,Helton JoseHelton Jose,Grand Slam LA,Pts: 2x0,W,94KG,SF,2017
13993,Adam Wardzinski,7478,T. Johannessen,Copenhagen Open,Points,W,ABS,SF,2017
13995,Adam Wardzinski,7478,Diogo SampaioDiogo Sampaio,Copenhagen Open,Injury,W,94KG,F,2017
13998,Adam Wardzinski,7478,Joachim Sveinson,Copenhagen NoGi,Submission,W,ABS,SF,2017
13999,Adam Wardzinski,7478,Sebastian BroscheSebastian Brosche,Copenhagen NoGi,RNC,W,ABS,F,2017
14085,Adam Wardzinski,7478,Marek Zbrog,Swedish Nats,Choke from back,W,94KG,SF,2017
14086,Adam Wardzinski,7478,Nicolas Penzer,Swedish Nats,Points,W,94KG,F,2017
14089,Adam Wardzinski,7478,Martin Gobel,Swedish Nats,Choke,W,ABS,4F,2017
14091,Adam Wardzinski,7478,Ali MonfaradiAli Monfaradi,Swedish Nats,Arm in Ezekiel,W,ABS,SF,2017
14092,Adam Wardzinski,7478,Espen MathiesenEspen Mathiesen,Swedish Nats,Arm in Ezekiel,W,ABS,F,2017
14095,Adam Wardzinski,7478,Nicolas Penzer,German NNG,Choke,W,91KG,RR,2017
14096,Adam Wardzinski,7478,Nicolas Penzer,German NNG,Points,W,91KG,F,2017
14101,Adam Wardzinski,7478,Martin Gobel,German NNG,Darce choke,W,ABS,SF,2017
14103,Adam Wardzinski,7478,Ali MonfaradiAli Monfaradi,German NoGi,Von Fluke choke,W,ABS,F,2017
14174,Adam Wardzinski,7478,Nicolas Penzer,German Nat. Pro,Choke,W,94KG,SF,2017
14175,Adam Wardzinski,7478,Gustavo Saraiva,German Nat. Pro,Pts: 19x0,W,94KG,F,2017
14176,Adam Wardzinski,7478,Maciej Kozak,German Nat. Pro,Pts: 2x0,W,ABS,4F,2017
14177,Adam Wardzinski,7478,Nicolas Penzer,German Nat. Pro,Pts: 18x0,W,ABS,SF,2017
14178,Adam Wardzinski,7478,Patryk Wysoki,German Nat. Pro,Choke from back,W,ABS,F,2017
14370,Adam Wardzinski,7478,Wesley Arquete,Grand Slam RJ,Choke from back,W,94KG,R1,2017
14428,Adam Wardzinski,7478,Tyrone Gonsalves,Madrid Open,Arm in Ezekiel,W,94KG,F,2017
14429,Adam Wardzinski,7478,Arturo Salas,Madrid Open,Arm in Ezekiel,W,ABS,SF,2017
14430,Adam Wardzinski,7478,Mathias Ribeiro,Madrid Open,Arm in Ezekiel,W,ABS,F,2017
14431,Adam Wardzinski,7478,Vinicius GarciaVinicius Garcia,Madrid NG Open,Brabo choke,W,ABS,F,2017
14560,Adam Wardzinski,7478,Antonio Stanic,Poznan Pro,Submission,W,110KG,4F,2017
14562,Adam Wardzinski,7478,Maciej Kozak,Poznan Pro,Submission,W,110KG,SF,2017
14564,Adam Wardzinski,7478,Eldar RafigaevEldar Rafigaev,Poznan Pro,Pts: 13x6,W,110KG,F,2017
14844,Adam Wardzinski,7478,Andre Reis,Grand Slam AD,Choke from back,W,94KG,4F,2018
14846,Adam Wardzinski,7478,Basel Famous,Grand Slam AD,Choke from back,W,94KG,SF,2018
14949,Adam Wardzinski,7478,Manuel Oliveira,European Open,Choke from back,W,94KG,4F,2018
14974,Adam Wardzinski,7478,Erberth SantosErberth Santos,ACB 10,Verbal tap,W,95KG,SPF,2018
15128,Adam Wardzinski,7478,Igor SilvaIgor Silva,British Nat. Pro,Pts: 5x0,W,110KG,SF,2018
15129,Adam Wardzinski,7478,M. Maciejwski,British Nat. Pro,DQ,W,110KG,F,2018
15132,Adam Wardzinski,7478,C. NegromonteC. Negromonte,British Nat. Pro,Pts: 4x2,W,ABS,F,2018
15227,Adam Wardzinski,7478,Jaakko Vilander,Spain Nat. Pro,Choke,W,94KG,SF,2018
15237,Adam Wardzinski,7478,Steeve Combourg,Netherlands Pro,Choke,W,94KG,F,2018
15247,Adam Wardzinski,7478,Igor SilvaIgor Silva,Swiss Nat. Pro,Choke,W,110KG,F,2018
15248,Adam Wardzinski,7478,Igor SilvaIgor Silva,Swiss Nat. Pro,Pts: 3x0,W,ABS,SF,2018
15527,Adam Wardzinski,7478,M. Abderraouf,Grand Slam LDN,Choke from back,W,94KG,4F,2018
15532,Adam Wardzinski,7478,Helton JoseHelton Jose,Grand Slam LDN,"Pts: 0x0, Adv",W,94KG,RPC,2018
15533,Adam Wardzinski,7478,Ben Hodgkinson,Grand Slam LDN,Pts: 24x2,W,94KG,RPC,2018
15567,Adam Wardzinski,7478,Szymon Bonkow,ACB European,Choke from back,W,95KG,SF,2018
15568,Adam Wardzinski,7478,Helton JoseHelton Jose,ACB European,Referee Decision,W,95KG,F,2018
15573,Adam Wardzinski,7478,Antonio Junior,ACB European,Pts: 20x0,W,ABS,4F,2018
15575,Adam Wardzinski,7478,Maciej Kozak,ACB European,Arm in Ezekiel,W,ABS,SF,2018
15576,Adam Wardzinski,7478,Eldar RafigaevEldar Rafigaev,ACB European,DQ,W,ABS,F,2018
15791,Adam Wardzinski,7478,Jakub Mroczkowski,Poznan Open,Cross choke,W,94KG,F,2018
15792,Adam Wardzinski,7478,Tero Pyylampi,Poznan Open,Choke from back,W,ABS,SF,2018
15794,Adam Wardzinski,7478,Bradley Hill,Poznan Open,Pts: 18x0,W,ABS,F,2018
16179,Adam Wardzinski,7478,Tanner RiceTanner Rice,World Pro,Referee Decision,W,94KG,4F,2018
16180,Adam Wardzinski,7478,Matt LeightonMatt Leighton,World Pro,Pts: 7x0,W,94KG,SF,2018
16404,Adam Wardzinski,7478,Stan Varshavskiy,Paris Spring Open,Choke from back,W,ABS,SF,2018
16405,Adam Wardzinski,7478,Eldar RafigaevEldar Rafigaev,Paris Spring Open,Shoulder pressure,W,ABS,F,2018
16406,Adam Wardzinski,7478,Nicolas Penzer,Paris Spring Open,Choke from back,W,94KG,F,2018
17123,Adam Wardzinski,7478,Ben Dyson,ACBJJ NG Poland,Choke,W,95KG,SF,2018
17124,Adam Wardzinski,7478,Lukasz Michalec,ACBJJ NG Poland,Pts: 7x0,W,95KG,F,2018
17130,Adam Wardzinski,7478,Sergio RiosSergio Rios,ACBJJ NG Poland,Pts: 6x0,W,ABS,SF,2018
17132,Adam Wardzinski,7478,Hygor BritoHygor Brito,ACBJJ NG Poland,Short choke,W,ABS,F,2018
17140,Adam Wardzinski,7478,Lukasz Michalec,ACBJJ Poland,Pts: 6x0,W,95KG,SF,2018
17141,Adam Wardzinski,7478,Andrzej Migaj,ACBJJ Poland,Submission,W,95KG,F,2018
17492,Adam Wardzinski,7478,Tony Ferraz,Sao Paulo Open,Choke from back,W,94KG,SF,2018
17493,Adam Wardzinski,7478,Andre Cassio,Sao Paulo Open,Pts: 13x0,W,94KG,F,2018
17505,Adam Wardzinski,7478,Advilson Pereira,Sao Paulo NGO,RNC,W,91KG,F,2018
17601,Adam Wardzinski,7478,Anton Minenko,Grand Slam LA,Pts: 11x2,W,94KG,3RD,2018
17631,Adam Wardzinski,7478,Gabriel ArgesGabriel Arges,King of Mats,Pts: 2x0,W,110KG,RR,2018
17637,Adam Wardzinski,7478,Gutemberg PereiraGutemberg Pereira,King of Mats,Pts: 2x0,W,110KG,RR,2018
17641,Adam Wardzinski,7478,Tanner RiceTanner Rice,King of Mats,Pts: 2x0,W,110KG,RR,2018
17784,Adam Wardzinski,7478,Djati Melan,ADCC EU Trials,Choke,W,88KG,R2,2018
17786,Adam Wardzinski,7478,Silviu Natasha,ADCC EU Trials,Pts: 5x0,W,88KG,8F,2018
17787,Adam Wardzinski,7478,Abdulbari Guseinov,ADCC EU Trials,Pts: 12x0,W,88KG,4F,2018
17788,Adam Wardzinski,7478,Otto Kuikka,ADCC EU Trials,Triangle kimura,W,88KG,SF,2018
17789,Adam Wardzinski,7478,Sean Coates,ADCC EU Trials,Short choke,W,88KG,F,2018
17969,Adam Wardzinski,7478,Kamil Czochra,German Nat. Pro,Pts: 12x2,W,94KG,F,2018
17977,Adam Wardzinski,7478,Alexander Neufang,German Nat. Pro,Submission,W,ABS,SF,2018
17978,Adam Wardzinski,7478,Kamil Czochra,German Nat. Pro,Pts: 7x0,W,ABS,F,2018
18034,Adam Wardzinski,7478,Samir Hamid,Greece Nat. Pro,Pts: 13x0,W,110KG,SF,2018
18035,Adam Wardzinski,7478,Eldar RafigaevEldar Rafigaev,Greece Nat. Pro,Pts: 21x2,W,110KG,F,2018
18241,Adam Wardzinski,7478,Kamil Czochra,Poland Nationals,Cross choke,W,94KG,F,2018
18242,Adam Wardzinski,7478,Maciej Kałuszewski,Poland Nationals,Choke from back,W,ABS,R1,2018
18243,Adam Wardzinski,7478,Kornel Zapadka,Poland Nationals,Lapel choke,W,ABS,4F,2018
18244,Adam Wardzinski,7478,Piotr Fręchowicz,Poland Nationals,Points,W,ABS,SF,2018
18245,Adam Wardzinski,7478,Karol Dzieniszewski,Poland Nationals,Points,W,ABS,F,2018
18316,Adam Wardzinski,7478,Wesley Arquete,Grand Slam RJ,Pts: 4x2,W,94KG,R1,2018
18319,Adam Wardzinski,7478,Jeferson Almeida,Grand Slam RJ,Arm in Ezekiel,W,94KG,8F,2018
18323,Adam Wardzinski,7478,Gildasio Oliveira,Grand Slam RJ,Pts: 9x0,W,94KG,4F,2018
18328,Adam Wardzinski,7478,Marcus Ruiz,Grand Slam RJ,Choke from back,W,94KG,RPC,2018
18329,Adam Wardzinski,7478,Anton Minenko,Grand Slam RJ,Choke from back,W,94KG,3RD,2018
18540,Adam Wardzinski,7478,Christopher Thomas,Seol Open,N/A,W,94KG,F,2018
18542,Adam Wardzinski,7478,Inseong JangInseong Jang,Seol Open,Choke,W,ABS,4F,2018
18543,Adam Wardzinski,7478,N/A,Seol Open,N/A,W,ABS,SF,2018
18544,Adam Wardzinski,7478,N/A,Seol Open,N/A,W,ABS,F,2018
18736,Adam Wardzinski,7478,Reinaldo Fuzil,UKBJJA Open,Armbar,W,94KG,F,2018
18737,Adam Wardzinski,7478,Bradley Hill,UKBJJA Open,N/A,W,ABS,SF,2018
18738,Adam Wardzinski,7478,Tommy LangakerTommy Langaker,UKBJJA Open,Katagatame,W,ABS,F,2018
18838,Adam Wardzinski,7478,Matheus GodoyMatheus Godoy,Grand Slam AD,Choke from back,W,94KG,4F,2019
18841,Adam Wardzinski,7478,Renato CardosoRenato Cardoso,Grand Slam AD,"Pts: 2x2, Adv",W,94KG,F,2019
18935,Adam Wardzinski,7478,Charles McGuire,European Open,Choke from back,W,94KG,4F,2019
19013,Adam Wardzinski,7478,Matko Kvesic,Slovenia Pro,Pts: 15x0,W,94KG,SF,2019
19014,Adam Wardzinski,7478,Akos Szekeres,Slovenia Pro,Pts: 23x0,W,94KG,F,2019
19151,Adam Wardzinski,7478,Ruben Lemos,Netherlands Pro,Submission,W,94KG,F,2019
19271,Adam Wardzinski,7478,Ruben Lemos,EU Continental,N/A,W,94KG,SF,2019
19272,Adam Wardzinski,7478,Nicolas Penzer,EU Continental,N/A,W,94KG,F,2019
19462,Adam Wardzinski,7478,Matheus GodoyMatheus Godoy,Grand Slam LDN,Pts: 9x2,W,94KG,SF,2019
19657,Adam Wardzinski,7478,Fellipe TrovoFellipe Trovo,Pan American,Choke from back,W,94KG,4F,2019
19662,Adam Wardzinski,7478,Leandro LoLeandro Lo,Pan American,Choke from back,W,94KG,SF,2019
19860,Adam Wardzinski,7478,Almog Britsch,Rome Open,Pts: 17x0,W,100KG,F,2019
19866,Adam Wardzinski,7478,Almog Britsch,Rome Open,Pts: 9x0,W,ABS,4F,2019
19867,Adam Wardzinski,7478,Adriano Candido,Rome Open,Choke from back,W,ABS,SF,2019
19869,Adam Wardzinski,7478,Renato CardosoRenato Cardoso,Rome Open,Pts: 7x2,W,ABS,F,2019
20144,Adam Wardzinski,7478,Rida HaisamRida Haisam,World Pro,Pts: 9x2,W,94KG,4F,2019
20146,Adam Wardzinski,7478,Basel Fanous,World Pro,Arm in Ezekiel,W,94KG,SF,2019
20694,Adam Wardzinski,7478,Gerard LabinskiGerard Labinski,World Champ.,Pts: 9x0,W,94KG,R1,2019
20763,Adam Wardzinski,7478,Donghwa Choi,King of Mats,Ezekiel,W,110KG,RR,2019
20771,Adam Wardzinski,7478,R. EvangelistaR. Evangelista,King of Mats,Pts: 9x6,W,110KG,RR,2019
21068,Adam Wardzinski,7478,B. MatiasB. Matias,ACB World Champ.,Pts: 6x2,W,95KG,4F,2019
21071,Adam Wardzinski,7478,Gustavo BatistaGustavo Batista,ACB World Champ.,Pts: 2x0,W,95KG,SF,2019
21080,Adam Wardzinski,7478,Leonardo LaraLeonardo Lara,ACB World Champ.,Pts: 10x2,W,ABS,4F,2019
21082,Adam Wardzinski,7478,Victor HugoVictor Hugo,ACB World Champ.,Pts: 2x0,W,ABS,SF,2019
21260,Adam Wardzinski,7478,Anton Minenko,Grand Slam TYO,Pts: 11x0,W,94KG,SF,2019
21263,Adam Wardzinski,7478,Fernando ReisFernando Reis,Grand Slam TYO,"Pts: 0x0, Adv",W,94KG,F,2019
21864,Adam Wardzinski,7478,Michael PerezMichael Perez,ADCC,Referee Decision,W,88KG,R1,2019
22153,Adam Wardzinski,7478,Sean Coates,Rome Fall Open,Choke from back,W,94KG,SF,2019
22154,Adam Wardzinski,7478,Max Bickerton,Rome Fall Open,Pts: 28x0,W,94KG,F,2019
22155,Adam Wardzinski,7478,Burak Sarman,Rome Fall Open,Choke from back,W,ABS,R1,2019
22157,Adam Wardzinski,7478,Adriano Araujo,Rome Fall Open,Triangle,W,ABS,4F,2019
22158,Adam Wardzinski,7478,Almog Britsch,Rome Fall Open,Shoulder lock,W,ABS,SF,2019
22160,Adam Wardzinski,7478,Ali MonfaradiAli Monfaradi,Rome Fall Open,Choke from back,W,ABS,F,2019
22196,Adam Wardzinski,7478,Hygor BritoHygor Brito,European NoGi,Pts: 2x0,W,91KG,4F,2019
22198,Adam Wardzinski,7478,Santeri LiliusSanteri Lilius,European NoGi,Pts: 13x9,W,91KG,SF,2019
22207,Adam Wardzinski,7478,Italo MouraItalo Moura,European NoGi,Pts: 3x2,W,ABS,R1,2019
22210,Adam Wardzinski,7478,Helton JoseHelton Jose,European NoGi,Pen,W,ABS,R2,2019
22355,Adam Wardzinski,7478,Thiago Dalcol,Grand Slam RJ,Submission,W,94KG,R1,2019
22359,Adam Wardzinski,7478,Marcus Junior,Grand Slam RJ,Pts: 9x0,W,94KG,4F,2019
22362,Adam Wardzinski,7478,Pedro EliasPedro Elias,Grand Slam RJ,Pts: 9x0,W,94KG,SF,2019
22794,Adam Wardzinski,7478,Aleksi Ruuskanen,Berlin Open,Cross choke,W,94KG,F,2019
22796,Adam Wardzinski,7478,Jakub Witkowski,Berlin Open,Manoplata,W,ABS,4F,2019
22798,Adam Wardzinski,7478,Lakatos Sandor,Berlin Open,Armbar,W,ABS,SF,2019
22802,Adam Wardzinski,7478,Paweł Kwiatkowski,Berlin NGO,Pts: 33x0,W,91KG,F,2019
22803,Adam Wardzinski,7478,Petr Mamaev,Berlin NGO,RNC,W,ABS,SF,2019
22804,Adam Wardzinski,7478,Jakub Witkowski,Berlin NGO,Triangle,W,ABS,F,2019
22911,Adam Wardzinski,7478,Todd Muckenheim,NoGi Worlds,Pts: 27x0,W,85KG,4F,2019
22919,Adam Wardzinski,7478,Fellipe TrovoFellipe Trovo,NoGi Worlds,"Pts: 0x0, Adv",W,91KG,SF,2019
23029,Adam Wardzinski,7478,Renato CardosoRenato Cardoso,Grand Slam AD,Pts: 10x1,W,94KG,4F,2020
23030,Adam Wardzinski,7478,Vandre Barbosa,Grand Slam AD,Pts: 10x0,W,94KG,SF,2020
23165,Adam Wardzinski,7478,Gabriel VolanteGabriel Volante,European Open,Choke from back,W,94KG,4F,2020
23167,Adam Wardzinski,7478,Dimitrius SouzaDimitrius Souza,European Open,Choke from back,W,94KG,SF,2020
23685,Adam Wardzinski,7478,Luka Skoric,Grand Slam LDN,Pts: 25x0,W,94KG,4F,2020
23687,Adam Wardzinski,7478,Stan Varshavskiy,Grand Slam LDN,Pts: 9x0,W,94KG,SF,2020
24401,Adam Wardzinski,7478,Arya EsfandmazArya Esfandmaz,Polaris Squads 2,---,D,ABS,RR,2020
24409,Adam Wardzinski,7478,Arya EsfandmazArya Esfandmaz,Polaris Squads 2,---,D,ABS,RR,2020
25306,Adam Wardzinski,7478,Artem Ushakov,Grand Slam MSK,Ezekiel,W,94KG,SF,2021
25307,Adam Wardzinski,7478,Viacheslav Ilin,Grand Slam MSK,Omoplata,W,94KG,F,2021
25721,Adam Wardzinski,7478,Ruben Lemos,World Pro,Choke from back,W,94KG,SF,2021
25722,Adam Wardzinski,7478,Renato CardosoRenato Cardoso,World Pro,Pts: 6x4,W,94KG,F,2021
27654,Adam Wardzinski,7478,James Quinlan,Pan American,Armbar,W,94KG,8F,2021
27659,Adam Wardzinski,7478,Rafael VasconcelosRafael Vasconcelos,Pan American,Choke from back,W,94KG,4F,2021
27661,Adam Wardzinski,7478,N. Mendelshon,Pan American,Arm in Ezekiel,W,94KG,SF,2021
28212,Adam Wardzinski,7478,Johnny Boswell,NoGi Worlds,RNC,W,ABS,R1,2021
28223,Adam Wardzinski,7478,Helton JoseHelton Jose,NoGi Worlds,"Pts: 0x0, Adv",W,ABS,8F,2021
28231,Adam Wardzinski,7478,Elliot Kelly,NoGi Worlds,Inside heel hook,W,ABS,4F,2021
28344,Adam Wardzinski,7478,Johnny Boswell,NoGi Worlds,RNC,W,91KG,8F,2021
28352,Adam Wardzinski,7478,Joao CostaJoao Costa,NoGi Worlds,Referee Decision,W,91KG,4F,2021
29272,Adam Wardzinski,7478,Artem Ushakov,World Pro,Shoulder lock,W,94KG,4F,2021
29274,Adam Wardzinski,7478,Arsen Shapiev,World Pro,Pts: 9x1,W,94KG,SF,2021
30641,Adam Wardzinski,7478,Simon Immerstrand,European Open,Choke from back,W,94KG,4F,2022
30645,Adam Wardzinski,7478,Reda Mebtouche,European Open,Pressure,W,94KG,SF,2022
30647,Adam Wardzinski,7478,Dominique BellDominique Bell,European Open,N/A,W,94KG,F,2022
30665,Adam Wardzinski,7478,Andrzej Iwat,European Open,Choke from back,W,ABS,R1,2022
30676,Adam Wardzinski,7478,Wesley Campos,European Open,Pts: 26x0,W,ABS,8F,2022
30683,Adam Wardzinski,7478,Reda Mebtouche,European Open,"Pts: 0x0, Adv",W,ABS,4F,2022
31187,Adam Wardzinski,7478,Euclides Castro,Grand Slam LDN,Katagatame,W,94KG,RPC,2022
31188,Adam Wardzinski,7478,Hygor BritoHygor Brito,Grand Slam LDN,Pts: 3x0,W,94KG,RPC,2022
31189,Adam Wardzinski,7478,Janis Riekstins,Grand Slam LDN,Pts: 6x1,W,94KG,3RD,2022
31750,Adam Wardzinski,7478,Lucas NoratLucas Norat,Pan American,Armbar,W,94KG,R2,2022
32511,Adam Wardzinski,7478,Thiago Cesar,SD Open,Submission,W,94KG,SF,2022
32513,Adam Wardzinski,7478,Fellipe TrovoFellipe Trovo,SD Open,Katagatame,W,94KG,F,2022
32519,Adam Wardzinski,7478,Thiago Cesar,SD Open,Submission,W,ABS,4F,2022
32522,Adam Wardzinski,7478,Rafael AnjosRafael Anjos,SD Open,Choke from back,W,ABS,SF,2022
32524,Adam Wardzinski,7478,Guthierry BarbosaGuthierry Barbosa,SD Open,Submission,W,ABS,F,2022
32655,Adam Wardzinski,7478,Renan CruzRenan Cruz,Chicago SPO,"Pts: 2x2, Adv",W,100KG,F,2022
32658,Adam Wardzinski,7478,Alex Seaver,Chicago SPO,Choke from back,W,ABS,4F,2022
32661,Adam Wardzinski,7478,Marlon Ferreira,Chicago SPO,Armbar,W,ABS,SF,2022
33051,Adam Wardzinski,7478,Lucas NoratLucas Norat,World Champ.,Pts: 9x0,W,94KG,8F,2022
33618,Adam Wardzinski,7478,Gabriel Caramori,London Open,Mounted X choke,W,94KG,SF,2022
33619,Adam Wardzinski,7478,Janis Riekstins,London Open,Arm in Ezekiel,W,94KG,F,2022
34644,Adam Wardzinski,7478,Alex Alexandrov,EU Cont Pro,Pts: 13x0,W,94KG,SF,2022
34645,Adam Wardzinski,7478,Neo Barbosa,EU Cont Pro,Pts: 9x0,W,94KG,F,2022
35759,Adam Wardzinski,7478,Harry Loseby,London FO,Katagatame,W,94KG,SF,2022
35761,Adam Wardzinski,7478,Eric Bergmann,London FO,Choke from back,W,94KG,F,2022
35764,Adam Wardzinski,7478,Gyula Szabo,London FO,Pts: 12x2,W,ABS,4F,2022
35766,Adam Wardzinski,7478,Eric Bergmann,London FO,Arm in Ezekiel,W,ABS,SF,2022
35767,Adam Wardzinski,7478,Gyula Szabo,London FO,Armbar,W,ABS,F,2022
35773,Adam Wardzinski,7478,Eric Bergmann,London FNGO,Katagatame,W,97KG,RR,2022
35775,Adam Wardzinski,7478,Adam Ellis,London FNGO,Katagatame,W,97KG,F,2022
35777,Adam Wardzinski,7478,Gyula Szabo,London FNGO,Shoulder lock,W,ABS,SF,2022
35779,Adam Wardzinski,7478,C. NegromonteC. Negromonte,London FNGO,Adv,W,ABS,F,2022
36161,Adam Wardzinski,7478,Vegard Vanderberg,European NG,RNC,W,ABS,R2,2022
36166,Adam Wardzinski,7478,Shane Fishman,European NG,Katagatame,W,ABS,4F,2022
36170,Adam Wardzinski,7478,Fernando ReisFernando Reis,European NG,Referee Decision,W,ABS,SF,2022
36171,Adam Wardzinski,7478,Oliver TazaOliver Taza,European NG,Pts: 12x0,W,ABS,F,2022
36235,Adam Wardzinski,7478,Murillo Soares,European NG,RNC,W,97KG,4F,2022
37006,Adam Wardzinski,7478,Lucasz Michalec,NoGi Worlds,Pts: 16x0,W,97KG,4F,2022
37390,Adam Wardzinski,7478,Filipe Pinheiro,European Open,Pts: 11x0,W,94KG,4F,2023
37393,Adam Wardzinski,7478,Rider ZuchiRider Zuchi,European Open,Arm in Ezekiel,W,94KG,SF,2023
38406,Adam Wardzinski,7478,Francesco Fragala,ADGS LDN,Choke from back,W,94KG,R1,2023
38410,Adam Wardzinski,7478,Bartosz Zawadzki,ADGS LDN,Katagatame,W,94KG,4F,2023
38416,Adam Wardzinski,7478,Hygor BritoHygor Brito,ADGS LDN,Pts: 7x1,W,94KG,RPC,2023
38418,Adam Wardzinski,7478,Igor Sousa,ADGS LDN,Choke from back,W,94KG,3RD,2023
38612,Adam Wardzinski,7478,Roberto JimenezRoberto Jimenez,Pan American,Choke from back,W,94KG,R1,2023
38618,Adam Wardzinski,7478,Felipe Pimentel,Pan American,Choke from back,W,94KG,4F,2023
38620,Adam Wardzinski,7478,Dimitrius SouzaDimitrius Souza,Pan American,Referee Decision,W,94KG,SF,2023
38621,Adam Wardzinski,7478,Fellipe AndrewFellipe Andrew,Pan American,"Pts: 11x11, Adv",W,94KG,F,2023
39154,Adam Wardzinski,7478,Patrick GaudioPatrick Gaudio,BJJ Stars,Choke from back,W,ABS,R1,2023
40012,Adam Wardzinski,7478,Lucas Alcantara,Denver Open,RNC,W,94KG,SF,2023
40014,Adam Wardzinski,7478,Lucas NoratLucas Norat,Denver Open,Arm in Ezekiel,W,94KG,F,2023
43176,Adam Wardzinski,7478,Marcos Junior,ADGS Miami,Choke from back,W,94KG,4F,2023
43178,Adam Wardzinski,7478,Henrique BettaHenrique Betta,ADGS Miami,Pressure,W,94KG,SF,2023
43544,Adam Wardzinski,7478,Calon Sabino,NoGi Pan,Pts: 9x0,W,91KG,4F,2023
43546,Adam Wardzinski,7478,Joao CostaJoao Costa,NoGi Pan,Outside heel hook,W,91KG,SF,2023
44156,Adam Wardzinski,7478,Zane Spruce,OC Open,Shoulder pressure,W,100KG,SF,2023
44158,Adam Wardzinski,7478,Paulo Merlin,OC Open,Pts: 9x2,W,100KG,F,2023
44162,Adam Wardzinski,7478,Rafael AnjosRafael Anjos,OC Open,Choke from back,W,ABS,4F,2023
44166,Adam Wardzinski,7478,Caio ViniciusCaio Vinicius,OC Open,Choke from back,W,ABS,SF,2023
44167,Adam Wardzinski,7478,Mateus RodriguesMateus Rodrigues,OC Open,Pts: 18x0,W,ABS,F,2023
45170,Adam Wardzinski,7478,Andrew Hansen,Nashville FO,Cross choke,W,100KG,F,2023
45174,Adam Wardzinski,7478,Isaac Balajadia,Nashville FO,Choke from back,W,ABS,SF,2023
45176,Adam Wardzinski,7478,Joao Ribeiro,Nashville FO,Katagatame,W,ABS,F,2023
45184,Adam Wardzinski,7478,Hunter Flaherty,Nashville FNGO,RNC,W,97KG,RR,2023
45888,Adam Wardzinski,7478,McKenzie Morales,NoGi World,Violin armlock,W,91KG,R1,2023
45893,Adam Wardzinski,7478,Jose JuremaJose Jurema,NoGi World,Katagatame,W,91KG,4F,2023
45895,Adam Wardzinski,7478,Vegard Randeberg,NoGi World,Pts: 18x2,W,91KG,SF,2023
46565,Adam Wardzinski,7478,Vinicius LiberatiVinicius Liberati,European Open,Pts: 4x0,W,94KG,4F,2024
46568,Adam Wardzinski,7478,Pedro MachadoPedro Machado,European Open,Pts: 9x4,W,94KG,SF,2024
46569,Adam Wardzinski,7478,Fellipe AndrewFellipe Andrew,European Open,Pts: 9x0,W,94KG,F,2024
47219,Adam Wardzinski,7478,Kyle Lundie,ADCC EU Trials,Pts: 12x0,W,88KG,R1,2024
47228,Adam Wardzinski,7478,Krzysztof Kubit,ADCC EU Trials,RNC,W,88KG,R2,2024
47233,Adam Wardzinski,7478,Marawan Rous,ADCC EU Trials,Pts: 6x0,W,88KG,8F,2024
47237,Adam Wardzinski,7478,Tommi Toikkanen,ADCC EU Trials,Pts: 2x0,W,88KG,4F,2024
47243,Adam Wardzinski,7478,Faris LamkademFaris Lamkadem,ADCC EU Trials,Pts: 5x0,W,88KG,3RD,2024
47927,Adam Wardzinski,7478,Devin Hightower,Indianapolis,Choke from back,W,94KG,F,2024
47934,Adam Wardzinski,7478,Lucas MontalvaoLucas Montalvao,Indianapolis,Choke from back,W,ABS,4F,2024
47939,Adam Wardzinski,7478,Bruno Sena,Indianapolis,Choke from back,W,ABS,SF,2024
47940,Adam Wardzinski,7478,Marcos Carrozzino,Indianapolis,Katagatame,W,ABS,F,2024
48115,Adam Wardzinski,7478,Lucas NoratLucas Norat,Pan American,Armbar,W,94KG,4F,2024
50060,Adam Wardzinski,7478,Damian Blazy,Denver Open,Verbal tap,W,94KG,RR,2024
50061,Adam Wardzinski,7478,Joao NicoliteJoao Nicolite,Denver Open,Verbal tap,W,94KG,RR,2024
50063,Adam Wardzinski,7478,Mourece Ramirez,Denver Open,Choke,W,ABS,4F,2024
50067,Adam Wardzinski,7478,Gialysson FreitasGialysson Freitas,Denver Open,Choke from back,W,ABS,SF,2024
50069,Adam Wardzinski,7478,Guilherme CordiviolaGuilherme Cordiviola,Denver Open,Injury,W,ABS,F,2024
50483,Adam Wardzinski,7478,Rafael Fernando,World Champ.,Choke from back,W,94KG,8F,2024
50489,Adam Wardzinski,7478,Mateus RodriguesMateus Rodrigues,World Champ.,Triangle,W,94KG,4F,2024
50493,Adam Wardzinski,7478,Rider ZuchiRider Zuchi,World Champ.,Ezekiel,W,94KG,SF,2024
50495,Adam Wardzinski,7478,Vinicius LiberatiVinicius Liberati,World Champ.,Katagatame,W,94KG,F,2024
51078,Adam Wardzinski,7478,Jacob Lanier,American Nats,Policeman lock,W,94KG,4F,2024
51082,Adam Wardzinski,7478,Fabio AlanoFabio Alano,American Nats,Arm in Ezekiel,W,94KG,SF,2024
51083,Adam Wardzinski,7478,Joao NicoliteJoao Nicolite,American Nats,Ezekiel,W,94KG,F,2024
53695,Adam Wardzinski,7478,Aleksi Ruuskanen,London FO,Submission,W,100KG,SF,2024
53697,Adam Wardzinski,7478,Harry Loseby,London FO,Violin armlock,W,100KG,F,2024
55429,Adam Wardzinski,7478,Matheus SpirandeliMatheus Spirandeli,IBJJF Crown,Pts: 9x2,W,94KG,4F,2024
55434,Adam Wardzinski,7478,Horlando MonteiroHorlando Monteiro,IBJJF Crown,Choke from back,W,94KG,SF,2024
55435,Adam Wardzinski,7478,Gustavo BatistaGustavo Batista,IBJJF Crown,"Pts: 0x0, Adv",W,94KG,F,2024
56562,Adam Wardzinski,7478,Charles Adorian,European Open,Pts: 13x2,W,94KG,4F,2025
56566,Adam Wardzinski,7478,Vinicius LiberatiVinicius Liberati,European Open,"Pts: 0x0, Adv",W,94KG,SF,2025
56568,Adam Wardzinski,7478,Leonardo FerreiraLeonardo Ferreira,European Open,Choke from back,W,94KG,F,2025
27188,Ademir Barreto,13245,Victor NithaelVictor Nithael,Copa Podio,Pts: 2x0,L,70KG,RR,2021
27192,Ademir Barreto,13245,Julio Arantes,Copa Podio,Pts: 2x0,L,70KG,RR,2021
31156,Ademir Barreto,13245,Lucas ProtasioLucas Protasio,Grand Slam LDN,Pts: 9x2,L,77KG,F,2022
34673,Ademir Barreto,13245,Alex SodreAlex Sodre,Grand Slam MIA,Pts: 1x1,L,69KG,4F,2022
34683,Ademir Barreto,13245,Alex SodreAlex Sodre,Grand Slam MIA,Pts: 6x5,L,69KG,3RD,2022
36350,Ademir Barreto,13245,Diego SodreDiego Sodre,WP Qualifier,Pts: 1x0,L,69KG,RR,2022
37329,Ademir Barreto,13245,Alex SodreAlex Sodre,European Open,Pts: 13x10,L,70KG,R1,2023
38557,Ademir Barreto,13245,Johnatha AlvesJohnatha Alves,Pan American,Hashimoto choke,L,76KG,8F,2023
39697,Ademir Barreto,13245,Natan ChuengNatan Chueng,Brasileiro,Pts: 8x2,L,76KG,SF,2023
40327,Ademir Barreto,13245,Leandro RounaudLeandro Rounaud,Floripa FO,Pts: 14x0,L,76KG,F,2023
43139,Ademir Barreto,13245,Israel SousaIsrael Sousa,ADGS Miami,Choke from back,L,69KG,SF,2023
46503,Ademir Barreto,13245,Alex SodreAlex Sodre,European Open,"Pts: 8x8, Adv",L,70KG,SF,2024
48043,Ademir Barreto,13245,Diego SodreDiego Sodre,Pan American,Referee Decision,L,70KG,4F,2024
49335,Ademir Barreto,13245,Diego SodreDiego Sodre,Brasileiro,Pts: 2x0,L,70KG,4F,2024
50387,Ademir Barreto,13245,Meyram MaquineMeyram Maquine,World Champ.,Choke from back,L,70KG,F,2024
52074,Ademir Barreto,13245,Angelo ClaiborneAngelo Claiborne,Virginia NGO,"Pts: 0x0, Adv",L,ABS,F,2024
52338,Ademir Barreto,13245,Arthan Bandeira,Chicago SMO,Points,L,ABS,SF,2024
53508,Ademir Barreto,13245,Israel SousaIsrael Sousa,ADGS DLS,Pts: 1x0,L,69KG,F,2024
55414,Ademir Barreto,13245,Joao MendesJoao Mendes,IBJJF Crown,Pts: 2x0,L,70KG,SF,2024
27184,Ademir Barreto,13245,Patrick Possamai,Copa Podio,---,D,70KG,RR,2021
27195,Ademir Barreto,13245,Oziel Santos,Copa Podio,Armbar,W,70KG,RR,2021
29740,Ademir Barreto,13245,Rafael MansurRafael Mansur,Teams Cup,Pts: 7x2,W,N/A,RR,2021
29761,Ademir Barreto,13245,Diogo ReisDiogo Reis,Teams Cup,Pts: 5x4,W,N/A,RR,2021
30791,Ademir Barreto,13245,Wojciech Kois,Amsterdam Pro,Pts: 6x0,W,85KG,4F,2022
30792,Ademir Barreto,13245,Ahmed Laaribi,Amsterdam Pro,Pts: 6x2,W,85KG,SF,2022
30793,Ademir Barreto,13245,Remo Corstjen,Amsterdam Pro,Pts: 1x0,W,85KG,F,2022
31146,Ademir Barreto,13245,Ellis Younger,Grand Slam LDN,Pts: 4x2,W,77KG,R1,2022
31151,Ademir Barreto,13245,Adrian Sozisz,Grand Slam LDN,Referee Decision,W,77KG,4F,2022
31154,Ademir Barreto,13245,Natan ChuengNatan Chueng,Grand Slam LDN,Pts: 3x2,W,77KG,SF,2022
32422,Ademir Barreto,13245,Adriano Araujo,ADGS ABDB,Referee Decision,W,77KG,4F,2022
32424,Ademir Barreto,13245,Jonatham Silva,ADGS ABDB,Pts: 9x0,W,77KG,SF,2022
32425,Ademir Barreto,13245,Andre Cantanhede,ADGS ABDB,Pts: 3x2,W,77KG,F,2022
34581,Ademir Barreto,13245,Bruno Gambim,Balneario Pro,Armbar,W,77KG,F,2022
34667,Ademir Barreto,13245,Kevin MahechaKevin Mahecha,Grand Slam MIA,Pts: 6x4,W,69KG,R1,2022
34679,Ademir Barreto,13245,Danilo MoreiraDanilo Moreira,Grand Slam MIA,Pts: 3x0,W,69KG,RPC,2022
34681,Ademir Barreto,13245,Pablo LavaselliPablo Lavaselli,Grand Slam MIA,Botinha,W,69KG,RPC,2022
36348,Ademir Barreto,13245,Gustavo Oliveira,WP Qualifier,Botinha,W,69KG,RR,2022
36352,Ademir Barreto,13245,Mario Silva,WP Qualifier,Submission,W,69KG,RR,2022
36842,Ademir Barreto,13245,Vinko Roditi,Dublin Open,Armbar,W,76KG,4F,2022
36843,Ademir Barreto,13245,Krysztof Flak,Dublin Open,Choke from back,W,76KG,SF,2022
36845,Ademir Barreto,13245,Tyrone Elliott,Dublin Open,Armbar,W,76KG,F,2022
36855,Ademir Barreto,13245,Benjamin Robson,Dublin Open,Botinha,W,ABS,R1,2022
38552,Ademir Barreto,13245,Johnny TamaJohnny Tama,Pan American,Choke from back,W,76KG,R1,2023
39688,Ademir Barreto,13245,Luiz Santos,Brasileiro,Pts: 10x2,W,76KG,8F,2023
39695,Ademir Barreto,13245,Vinicius PereiraVinicius Pereira,Brasileiro,"Pts: 4x4, Adv",W,76KG,4F,2023
40321,Ademir Barreto,13245,Murilo Silva,Floripa FO,Armbar,W,76KG,4F,2023
40326,Ademir Barreto,13245,Marlus Salgado,Floripa FO,Pts: 10x0,W,76KG,SF,2023
43132,Ademir Barreto,13245,JP Rocha,ADGS Miami,Pts: 5x0,W,69KG,8F,2023
43137,Ademir Barreto,13245,Isaias Higino,ADGS Miami,RNC,W,69KG,4F,2023
45112,Ademir Barreto,13245,Henry Clark,Sacramento Open,Choke from back,W,76KG,SF,2023
45114,Ademir Barreto,13245,Rehan Muttalib,Sacramento Open,Arm in Ezekiel,W,76KG,F,2023
46498,Ademir Barreto,13245,Kazuhiro Suzuki,European Open,Armbar,W,70KG,8F,2024
46502,Ademir Barreto,13245,Isaac DoederleinIsaac Doederlein,European Open,Pts: 2x0,W,70KG,4F,2024
48030,Ademir Barreto,13245,Thalys PontesThalys Pontes,Pan American,Choke from back,W,70KG,R1,2024
48034,Ademir Barreto,13245,Tiago Macedo,Pan American,"Pts: 0x0, Adv",W,70KG,8F,2024
50368,Ademir Barreto,13245,Fabio Vieira,World Champ.,Cross choke,W,70KG,R2,2024
50378,Ademir Barreto,13245,Danilo MoreiraDanilo Moreira,World Champ.,Choke from back,W,70KG,8F,2024
50383,Ademir Barreto,13245,Sebastian SerpaSebastian Serpa,World Champ.,"Pts: 4x4, Adv",W,70KG,4F,2024
50385,Ademir Barreto,13245,Alex SodreAlex Sodre,World Champ.,Toe hold,W,70KG,SF,2024
52015,Ademir Barreto,13245,Gabriel Olinto,Virginia Open,Choke from back,W,76KG,SF,2024
52017,Ademir Barreto,13245,Guilherme RochaGuilherme Rocha,Virginia Open,"Pts: 0x0, Adv",W,76KG,F,2024
52069,Ademir Barreto,13245,Michael Medeiros,Virginia NGO,"Pts: 2x2, Adv",W,ABS,4F,2024
52073,Ademir Barreto,13245,William Shannon,Virginia NGO,Pts: 9x0,W,ABS,SF,2024
52327,Ademir Barreto,13245,Gabriel Olinto,Chicago SMO,Katagatame,W,76KG,SF,2024
52329,Ademir Barreto,13245,Alexandre MolinaroAlexandre Molinaro,Chicago SMO,Footlock,W,76KG,F,2024
52333,Ademir Barreto,13245,Colon Santana,Chicago SMO,Estima lock,W,ABS,4F,2024
52351,Ademir Barreto,13245,Kaisar Saulebayev,Chicago SMNG,Armbar,W,73KG,SF,2024
52352,Ademir Barreto,13245,Emilio HernandezEmilio Hernandez,Chicago SMNG,N/A,W,73KG,F,2024
53496,Ademir Barreto,13245,Malachi EdmondMalachi Edmond,ADGS DLS,Kneebar,W,69KG,8F,2024
53503,Ademir Barreto,13245,Joao MendesJoao Mendes,ADGS DLS,Referee Decision,W,69KG,4F,2024
53506,Ademir Barreto,13245,Thiago MacedoThiago Macedo,ADGS DLS,Pts: 2x0,W,69KG,SF,2024
55412,Ademir Barreto,13245,Eduardo GranzottoEduardo Granzotto,IBJJF Crown,Kneebar,W,70KG,4F,2024
