Fighter ID,First Name,Last Name,Nickname,Team,Profile URL
8141,Aarae,Alexander,,Team Lloyd Irvin,https://www.bjjheroes.com/?p=8141
9246,Aaron,Johnson,Tex,Unity JJ,https://www.bjjheroes.com/?p=9246
8494,Abdurakhman,Bilarov,,Team Nogueira,https://www.bjjheroes.com/?p=8494
390,Abmar,Barbosa,,,https://www.bjjheroes.com/?p=390
3083,Abraham,Marte Messina,,Yamasaki / Basico,https://www.bjjheroes.com/?p=3083
8814,Adam,Benayoun,,Fifty/50 Martial Arts Academy,https://www.bjjheroes.com/?p=8814
8131,Adam,Ferrara,,GF Team,https://www.bjjheroes.com/?p=8131
1133,Adam,Kayoom,,BKK BJJ,https://www.bjjheroes.com/?p=1133
7478,Adam,Wardzinski,Megatron,Checkmat,https://www.bjjheroes.com/?p=7478
13245,Ademir,Barreto,,GF Team,https://www.bjjheroes.com/?p=13245
6339,Admilson,Brites,Juquinha,Gracie Humaita,https://www.bjjheroes.com/?p=6339
8968,Admilson,Gobi Junior,,,https://www.bjjheroes.com/?p=8968
9541,Aniel,Bonifacio,,Rodrigo Carvalho JJ,https://www.bjjheroes.com/?p=9541
13498,Adele,Fornarino,,Team Dominance,https://www.bjjheroes.com/?p=13498
699,Adriana,Martins,,Akxe,https://www.bjjheroes.com/?p=699
1116,Adriano,Martins,,,https://www.bjjheroes.com/?p=1116
909,Adriano,Silva,,Barbosa JJ,https://www.bjjheroes.com/?p=909
4328,AJ,Agazarm,,Gracie Barra,https://www.bjjheroes.com/?p=4328
2189,Alan,Belcher,,,https://www.bjjheroes.com/?p=2189
289,Alan,do Nascimento,Finfou,Checkmat,https://www.bjjheroes.com/?p=289
2583,Alan,Moraes,,Carlson Gracie,https://www.bjjheroes.com/?p=2583
12235,Alan,Sanchez,,10th Planet,https://www.bjjheroes.com/?p=12235
696,Alberto,Carmona,Beto,Akxe,https://www.bjjheroes.com/?p=696
2611,Alberto,Crane,,Gracie Barra,https://www.bjjheroes.com/?p=2611
9876,Alef,Brito,,Ares JJ,https://www.bjjheroes.com/?p=9876
7660,Alex,Martins,,AMBJJ,https://www.bjjheroes.com/?p=7660
11746,Alex,Munis,,,https://www.bjjheroes.com/?p=11746
13084,Alex,Nguyen,,Standard JJ,https://www.bjjheroes.com/?p=13084
1131,Alessandra,Vieira,Leka,,https://www.bjjheroes.com/?p=1131
1757,Alexander,Trans,,Checkmat,https://www.bjjheroes.com/?p=1757
1567,Alessandro,Capodeferro,,Barbosa JJ,https://www.bjjheroes.com/?p=1567
13533,Alehander,Mariano,,Atos,https://www.bjjheroes.com/?p=13533
9166,Alexandre,Barauna,,GF Team,https://www.bjjheroes.com/?p=9166
9312,Alexandre,Cavaliere,,Alliance,https://www.bjjheroes.com/?p=9312
449,Alexandre,de Souza,Pop,Gracie Floripa,https://www.bjjheroes.com/?p=449
474,Alexandre,Ceconi,,,https://www.bjjheroes.com/?p=474
727,Alexandre,de Freitas,Soca,Soca BJJ,https://www.bjjheroes.com/?p=727
9793,Alexandre,Jesus,Robinho,Calasans JJ,https://www.bjjheroes.com/?p=9793
9407,Alexandre,Molinaro,,Carlson Gracie,https://www.bjjheroes.com/?p=9407
666,Alexandre,Paiva,Gigi,Alliance,https://www.bjjheroes.com/?p=666
311,Alexandre,Pimentel,Pulga,Nova Geracao,https://www.bjjheroes.com/?p=311
1671,Alexandre,Puga,,Alliance,https://www.bjjheroes.com/?p=1671
84,Alexandre,Ribeiro,Xande,Ribeiro JJ,https://www.bjjheroes.com/?p=84
1517,Alexandre,Santos,,Cia Paulista,https://www.bjjheroes.com/?p=1517
8525,Alexandre,Vieira,,BTT,https://www.bjjheroes.com/?p=8525
12569,Alexandria,Enriquez,,Atos,https://www.bjjheroes.com/?p=12569
891,Alexsandro,Machado,Baiano,Checkmat,https://www.bjjheroes.com/?p=891
9377,Alexis,Alduncin,,Renzo Gracie Mexico,https://www.bjjheroes.com/?p=9377
8884,Alexsandro,Sodre,,Clube Feijão JJ,https://www.bjjheroes.com/?p=8884
10004,Ali,Monfaradi,,,https://www.bjjheroes.com/?p=10004
826,Allan,Goes,,,https://www.bjjheroes.com/?p=826
2052,Alvaro,Barreto,,,https://www.bjjheroes.com/?p=2052
1553,Alvaro,Bobadilla,Cabecao,GF Team,https://www.bjjheroes.com/?p=1553
9058,Amal,Amjahid,,C.E.N.S. Academy,https://www.bjjheroes.com/?p=9058
7012,Amanda,Alequin / Santana,Tubby,Marcio Cruz JJ,https://www.bjjheroes.com/?p=7012
12064,Amanda,Leve,,,https://www.bjjheroes.com/?p=12064
13078,Amanda,Magda,,Frates JJ,https://www.bjjheroes.com/?p=13078
8301,Amanda,Monteiro,,GF Team,https://www.bjjheroes.com/?p=8301
486,Amaury,Bitetti,,,https://www.bjjheroes.com/?p=486
1391,Amin,Touati,,Royce Gracie BJJ,https://www.bjjheroes.com/?p=1391
12639,Amy,Campo,,Zenith JJ,https://www.bjjheroes.com/?p=12639
13832,Ana Carolina,Lima Silva,,,https://www.bjjheroes.com/?p=13832
8888,Ana Carolina,Schmitt,,,https://www.bjjheroes.com/?p=8888
6979,Ana Carolina,Vieira,,GF Team,https://www.bjjheroes.com/?p=6979
2357,Ana Laura,Cordeiro,,Gracie Barra,https://www.bjjheroes.com/?p=2357
276,Ana Maria,Soares,India,,https://www.bjjheroes.com/?p=276
13920,Anabel,Lopez,,FZN / Checkmat,https://www.bjjheroes.com/?p=13920
11685,Anderson,Munis,,,https://www.bjjheroes.com/?p=11685
249,Anderson,Pereira,Deton,Brazilian Top Team,https://www.bjjheroes.com/?p=249
1101,Andrea,Baggio,,Manimal,https://www.bjjheroes.com/?p=1101
9615,Andre,Almeida,,Gracie Barra,https://www.bjjheroes.com/?p=9615
1716,Andre,Almeida,Dedeco,American Top Team,https://www.bjjheroes.com/?p=1716
144,Andre,Galvao,,Atos,https://www.bjjheroes.com/?p=144
11646,Andre,Gois,,Alliance,https://www.bjjheroes.com/?p=11646
7747,Andre,Maracaba,,Maracaba BJJ,https://www.bjjheroes.com/?p=7747
1640,Andre,Monteiro,,Nova Geracao,https://www.bjjheroes.com/?p=1640
78,Andre,Pederneiras,Dedé,Nova Uniao,https://www.bjjheroes.com/?p=78
11384,Andre,Porfirio,,Fight Sports,https://www.bjjheroes.com/?p=11384
1414,Andre,Quiles,,,https://www.bjjheroes.com/?p=1414
314,Andre,Terencio,Negao,Brazil 021,https://www.bjjheroes.com/?p=314
8519,Andressa,Cintra,,Checkmat,https://www.bjjheroes.com/?p=8519
11808,Andrew,Wiltse,,Pedigo Submission Fighting,https://www.bjjheroes.com/?p=11808
13172,Andrew,Tackett,,Brazilian Fight Factory,https://www.bjjheroes.com/?p=13172
11878,Andy,Murasaki,,Atos,https://www.bjjheroes.com/?p=11878
12703,Andy,Varela,,10th Planet,https://www.bjjheroes.com/?p=12703
8293,Angelica,Galvao,,Atos,https://www.bjjheroes.com/?p=8293
10638,Angelo,Claiborne,,Team Lloyd Irvin,https://www.bjjheroes.com/?p=10638
10764,Anna,Rodrigues,,Dream Art,https://www.bjjheroes.com/?p=10764
540,Anthony,Pacenski,Tony,BJJ Revolution,https://www.bjjheroes.com/?p=540
1104,Anthony,Perosh,The Hippo,Machado JJ,https://www.bjjheroes.com/?p=1104
957,Anthony,Scales,AJ,Nova Uniao,https://www.bjjheroes.com/?p=957
1236,Antonio Carlos,Junior,"Cara de Sapato, Shoe Face",Checkmat,https://www.bjjheroes.com/?p=1236
1536,Antonio,de Melo,,Brazil 021,https://www.bjjheroes.com/?p=1536
911,Antonio,Peinado,Batista,Alliance,https://www.bjjheroes.com/?p=911
9130,Antonio Roberto,Crivelari,Juninho,Checkmat,https://www.bjjheroes.com/?p=9130
1865,Antonio Rodrigo,Nogueira,Minotauro,,https://www.bjjheroes.com/?p=1865
12,Antonio,Schembri,Nino,,https://www.bjjheroes.com/?p=12
387,Antonio,Braga Neto,,Gordo JJ,https://www.bjjheroes.com/?p=387
13364,Arley,Pacheco,,Gracie Barra,https://www.bjjheroes.com/?p=13364
584,Arlisson,Melo,Kiki,Nova Uniao,https://www.bjjheroes.com/?p=584
9931,Arthur,Detanico,,JA BJJ,https://www.bjjheroes.com/?p=9931
13175,Ariel,Tabak,,,https://www.bjjheroes.com/?p=13175
260,Ary,Farias,Aryzinho,Atos,https://www.bjjheroes.com/?p=260
11703,Arya,Esfandmaz,,Pure JJ,https://www.bjjheroes.com/?p=11703
381,Armando,Wridt,Dedinho,Gracie JJ,https://www.bjjheroes.com/?p=381
9401,Ashley,Williams,,Chris Rees JJ,https://www.bjjheroes.com/?p=9401
1167,Augusto,Ferrari,,,https://www.bjjheroes.com/?p=1167
188,Augusto,Mendes,Tanquinho,Soul Fighters,https://www.bjjheroes.com/?p=188
2606,Augusto,Monteiro,,Associação Monteiro,https://www.bjjheroes.com/?p=2606
13332,Aurelie,Le Vern,,Gracie Humaita,https://www.bjjheroes.com/?p=13332
12203,Austin,Baker,,Gracie Barra,https://www.bjjheroes.com/?p=12203
13849,Austin,Oranday,,Oranday Bros,https://www.bjjheroes.com/?p=13849
1023,Baret,Yoshida,,Undisputed,https://www.bjjheroes.com/?p=1023
1119,Beatriz,Mesquita,,Gracie Humaita,https://www.bjjheroes.com/?p=1119
1998,Ben,Baxter,,Gracie Humaita,https://www.bjjheroes.com/?p=1998
425,Bernardo,Faria,,Alliance,https://www.bjjheroes.com/?p=425
1433,Bernardo,Pitel,,Nova Uniao,https://www.bjjheroes.com/?p=1433
1158,Bianca,Andrade,,Gracie Barra,https://www.bjjheroes.com/?p=1158
471,Bibiano,Fernandes,,Gracie Barra,https://www.bjjheroes.com/?p=471
898,Bill,Cooper,The Grill,,https://www.bjjheroes.com/?p=898
9385,Brandon,Walensky,,Clark Gracie Academy,https://www.bjjheroes.com/?p=9385
9048,Brenda,Heller,,GD Jiu Jitsu,https://www.bjjheroes.com/?p=9048
10862,Brenda,Larissa,,Escola Melqui Galvão,https://www.bjjheroes.com/?p=10862
7535,Bianca,Basilio,,Almeida JJ,https://www.bjjheroes.com/?p=7535
253,Jay Dee,Penn,"BJ, The Prodigy",,https://www.bjjheroes.com/?p=253
2358,Brandon,Mullins,Wolverine,Gracie Barra,https://www.bjjheroes.com/?p=2358
422,Braulio,Estima,Carcara,Gracie Barra,https://www.bjjheroes.com/?p=422
8298,Brian,Beauchamp,,Equipe Fabricio,https://www.bjjheroes.com/?p=8298
9640,Brian,Beaury,,Brian Beaury BJJ,https://www.bjjheroes.com/?p=9640
11354,Brian,Giorgio,,Alliance,https://www.bjjheroes.com/?p=11354
12599,Brianna,Ste-Marie,,BTT,https://www.bjjheroes.com/?p=12599
13577,Brigida,Carvalho Felipe,,Vision,https://www.bjjheroes.com/?p=13577
1659,Bruno,Alves,,Gracie Barra,https://www.bjjheroes.com/?p=1659
222,Bruno,Amorim,Robinho,Gracie Barra,https://www.bjjheroes.com/?p=222
7568,Bruno,Barbosa,,,https://www.bjjheroes.com/?p=7568
637,Bruno,Bastos,,Nova Uniao,https://www.bjjheroes.com/?p=637
684,Bruno,de Paula,,Alliance,https://www.bjjheroes.com/?p=684
1707,Bruno,Ferreira,,Nova Geracao,https://www.bjjheroes.com/?p=1707
174,Bruno,Frazatto,,Atos,https://www.bjjheroes.com/?p=174
10176,Bruno,Lima,,AMA BJJ,https://www.bjjheroes.com/?p=10176
283,Bruno,Malfacine,Bad Boy,Alliance,https://www.bjjheroes.com/?p=283
868,Bruno,Matias,,Checkmat,https://www.bjjheroes.com/?p=868
12069,Jose Bruno,Matias,,Gracie Barra,https://www.bjjheroes.com/?p=12069
3117,Bruno,Mendes,Tanque or Tank,Soul Fighters,https://www.bjjheroes.com/?p=3117
7672,Caio,Almeida,,Almeida JJ,https://www.bjjheroes.com/?p=7672
9217,Caio,Caetano,,,https://www.bjjheroes.com/?p=9217
10964,Caio,Paganini,,Alliance,https://www.bjjheroes.com/?p=10964
582,Caio,Terra,,CTBJJA,https://www.bjjheroes.com/?p=582
13051,Caio,Vinicius Santos,,Gracie Barra,https://www.bjjheroes.com/?p=13051
8624,Carina,Santi,,G13,https://www.bjjheroes.com/?p=8624
2160,Carley,Gracie,,,https://www.bjjheroes.com/?p=2160
2460,Carlos,Elias,Caique,,https://www.bjjheroes.com/?p=2460
36,Carlos,Gracie Senior,,Gracie JJ,https://www.bjjheroes.com/?p=36
297,Carlos,Gracie Junior,Carlinhos,,https://www.bjjheroes.com/?p=297
1400,Carlos,Henrique,,Brazil 021,https://www.bjjheroes.com/?p=1400
13192,Carlos,Henrique Campos,CH7,Dream Art,https://www.bjjheroes.com/?p=13192
1594,Carlos,Lemos Jr,Escorrega,Gracie Barra,https://www.bjjheroes.com/?p=1594
745,Carlos,Machado,,Machado JJ,https://www.bjjheroes.com/?p=745
9611,Carlos,Melo,,CTA,https://www.bjjheroes.com/?p=9611
396,Carlos,Vieira,Portugues,Cia Paulista,https://www.bjjheroes.com/?p=396
963,Carlos,Vieira Holanda,Esquisito,Checkmat,https://www.bjjheroes.com/?p=963
12346,Catriel,Oliveira,,GF Team,https://www.bjjheroes.com/?p=12346
22,Carlson,Gracie,,Carlson Gracie,https://www.bjjheroes.com/?p=22
1000,Caroline,Lazzer,,Emirates Team,https://www.bjjheroes.com/?p=1000
829,Cassio,Cardoso,,Carlson Gracie,https://www.bjjheroes.com/?p=829
13379,Cassio Felipe,Costa,Laranjinha,Six Blades,https://www.bjjheroes.com/?p=13379
1223,Cassio,Werneck,,,https://www.bjjheroes.com/?p=1223
8562,Catherine,Perret,,Checkmat,https://www.bjjheroes.com/?p=8562
10596,Cleber,Luciano,,,https://www.bjjheroes.com/?p=10596
7657,Cleber,Sousa,Clandestino,Almeida JJ,https://www.bjjheroes.com/?p=7657
428,Celso,Vinicius,Celsinho,Ryan Gracie,https://www.bjjheroes.com/?p=428
929,Cesar,Gracie,,Gracie Elite,https://www.bjjheroes.com/?p=929
2512,Cezar,Guimarães,Casquinha,Top Brother,https://www.bjjheroes.com/?p=2512
9845,Chad,Hardy,,Team Shawn Hammonds,https://www.bjjheroes.com/?p=9845
7652,Charles,Negromonte,,Gracie Barra,https://www.bjjheroes.com/?p=7652
877,Charles,Oliveira,do Bronx,Macaco Gold Team,https://www.bjjheroes.com/?p=877
9545,Charlotte,Von Baumgarten,,Mathias Ribeiro JJ,https://www.bjjheroes.com/?p=9545
13655,Chayse,Diekema,,Frontline / Carlson Gracie,https://www.bjjheroes.com/?p=13655
12708,Chloe,McNally,,Unity JJ,https://www.bjjheroes.com/?p=12708
2402,Christian,Graugart,,,https://www.bjjheroes.com/?p=2402
7808,Christian,Moriarty,Chris,Alliance,https://www.bjjheroes.com/?p=7808
13747,Chris,Tran,Shortround,Team Lloyd Irvin,https://www.bjjheroes.com/?p=13747
7821,Christian,Uflaker,Charopinho,Uflacker Academy,https://www.bjjheroes.com/?p=7821
1155,Cicero,Costha,,PSLPB Cicero Costha,https://www.bjjheroes.com/?p=1155
12663,Claire,North,,,https://www.bjjheroes.com/?p=12663
1523,Clark,Gracie,,Tipping Point BJJ,https://www.bjjheroes.com/?p=1523
7928,Claudia,Doval,,De La Riva JJ,https://www.bjjheroes.com/?p=7928
410,Claudio,Calasans,Juninho,Atos,https://www.bjjheroes.com/?p=410
2100,Claudio,Franca,,,https://www.bjjheroes.com/?p=2100
7749,Claudio,Joanino,,Nova Uniao,https://www.bjjheroes.com/?p=7749
489,Claudio,Silva,"Mineiro, Banheira",,https://www.bjjheroes.com/?p=489
443,Claudio,Mattos,Caloquinha,Gracie Barra,https://www.bjjheroes.com/?p=443
8870,Cleiton,Soares Junior,,Alliance,https://www.bjjheroes.com/?p=8870
7976,Cosmo,Dias,,Nova Uniao,https://www.bjjheroes.com/?p=7976
12950,Cole,Abate,,Art Of Jiu-Jitsu,https://www.bjjheroes.com/?p=12950
9150,Cole,Franson,,Tinguinha JJ,https://www.bjjheroes.com/?p=9150
12940,Cory,Walker,,Team Lloyd Irvin,https://www.bjjheroes.com/?p=12940
1933,Craig,Kukuk,,,https://www.bjjheroes.com/?p=1933
8346,Craig,Jones,,B Team,https://www.bjjheroes.com/?p=8346
3185,Crezio,Chaves,,,https://www.bjjheroes.com/?p=3185
2062,Crezio,de Souza,,Carlson Gracie,https://www.bjjheroes.com/?p=2062
1108,Cristiano,Carioca,,,https://www.bjjheroes.com/?p=1108
2956,Cristiano,Lazzarini,Titi,Gracie Barra,https://www.bjjheroes.com/?p=2956
159,Cristiano,Marcello,,CM System,https://www.bjjheroes.com/?p=159
3384,Crolin,Gracie,,Gracie Gym,https://www.bjjheroes.com/?p=3384
5781,Cynthia,Omatsu,Cindy,,https://www.bjjheroes.com/?p=5781
9152,Daisuke,Shiraki,"Sugie, Amazon",Carpe Diem,https://www.bjjheroes.com/?p=9152
12356,Damion,Oranday,,Oranday Bros,https://www.bjjheroes.com/?p=12356
11949,Daniel,Amorim Junior,,Double Five,https://www.bjjheroes.com/?p=11949
708,Daniel,Azevedo,,Cia Paulista,https://www.bjjheroes.com/?p=708
1019,Daniel,Beleza,,SAS,https://www.bjjheroes.com/?p=1019
12419,Daniel,Diniz,,Checkmat,https://www.bjjheroes.com/?p=12419
1281,Daniel,Garcia Dias,,Nova Uniao,https://www.bjjheroes.com/?p=1281
11919,Daniel,Gracie,,Renzo Gracie,https://www.bjjheroes.com/?p=11919
11919,Daniel,Maira,,,https://www.bjjheroes.com/?p=11919
453,Daniel,Moraes,,Relson Gracie,https://www.bjjheroes.com/?p=453
12918,Daniel,Sathler,,Atos,https://www.bjjheroes.com/?p=12918
994,Daniel,Otero,,Equipe Fabricio,https://www.bjjheroes.com/?p=994
1145,Daniel,Valverde,,,https://www.bjjheroes.com/?p=1145
7997,Danielle,Alvarez,,LEAD BJJ,https://www.bjjheroes.com/?p=7997
9325,Danilo,Borovic,,,https://www.bjjheroes.com/?p=9325
8036,Danilo,Cherman,,Nova Uniao,https://www.bjjheroes.com/?p=8036
10953,Danilo,Moreira,,PSQGL,https://www.bjjheroes.com/?p=10953
8116,Dante,Leon,,GF Team,https://www.bjjheroes.com/?p=8116
816,Dave,Camarillo,,,https://www.bjjheroes.com/?p=816
12275,Davi,Cabral,,GF Team,https://www.bjjheroes.com/?p=12275
1386,Davi,Ramos,,Top Brother,https://www.bjjheroes.com/?p=1386
7463,David,Avellan,Dave,Freestyle Fighting Academy,https://www.bjjheroes.com/?p=7463
1923,David,Juliano Lemes,,,https://www.bjjheroes.com/?p=1923
9668,David,Garmo,,Assembly Jiu-Jitsu,https://www.bjjheroes.com/?p=9668
9037,David,Jacobs,,David Jacobs JJ,https://www.bjjheroes.com/?p=9037
9700,David,Raab Skaf,,,https://www.bjjheroes.com/?p=9700
1650,David,Onuma,Malandro,,https://www.bjjheroes.com/?p=1650
11262,David,Meyer,,,https://www.bjjheroes.com/?p=11262
4965,David,Terrell,Soul Assassin,,https://www.bjjheroes.com/?p=4965
13360,David,Terao,,50/Fifty,https://www.bjjheroes.com/?p=13360
7321,Darragh,OConnaill,,Ribeiro JJ,https://www.bjjheroes.com/?p=7321
1369,Dean,Lister,The Boogeyman,,https://www.bjjheroes.com/?p=1369
1820,Delson,Heleno,Pe de Chumbo,,https://www.bjjheroes.com/?p=1820
112,Demian,Maia,,Brasa,https://www.bjjheroes.com/?p=112
244,Denilson,Pimenta,,GF Team,https://www.bjjheroes.com/?p=244
1550,Dennis,Asche,,Gordo JJ,https://www.bjjheroes.com/?p=1550
1498,Denny,Prokopos,,10th Planet,https://www.bjjheroes.com/?p=1498
778,Denys,Darzi,,Brazil 021,https://www.bjjheroes.com/?p=778
2439,Deoclecio,Paulo,,,https://www.bjjheroes.com/?p=2439
9157,Devhonte,Johnson,Bones,Unity JJ,https://www.bjjheroes.com/?p=9157
9864,Diego,Bispo,,Ares JJ,https://www.bjjheroes.com/?p=9864
7831,Diego,Dias Ramalho,Sem Nocao,ZR Team,https://www.bjjheroes.com/?p=7831
10840,Diego,Oliveira,Pato,,https://www.bjjheroes.com/?p=10840
11963,Diego,Sodre,,Clube Feijao / Nova Uniao,https://www.bjjheroes.com/?p=11963
8334,Diego,Vivaldo,Gaviao,Guigo,https://www.bjjheroes.com/?p=8334
5258,Dillon,Danis,,Alliance,https://www.bjjheroes.com/?p=5258
1003,Diogo,Sampaio Araujo,Moreno,Soul Fighters,https://www.bjjheroes.com/?p=1003
11823,Diogo,Reis,,Escola Melqui Galvão,https://www.bjjheroes.com/?p=11823
2226,DeAlonzio,Jackson,"DJ, Kimura Kid",Lloyd Irvin,https://www.bjjheroes.com/?p=2226
9934,Deandre,Corbe,,Coastal BJJ,https://www.bjjheroes.com/?p=9934
9321,Dominique,Bell,,Atos,https://www.bjjheroes.com/?p=9321
5229,Dominika,Obelenyte,,Alliance,https://www.bjjheroes.com/?p=5229
8128,Donald,Achnick,Donnie,Team Lloyd Irvin,https://www.bjjheroes.com/?p=8128
13729,Dorian,Olivarez,,Team Olivarez,https://www.bjjheroes.com/?p=13729
10000,Doug,Pelinkovic,,Renzo Gracie Academy,https://www.bjjheroes.com/?p=10000
1680,Dustin,Denes,Clean,,https://www.bjjheroes.com/?p=1680
4317,Eddie,Bravo,,10th Planet,https://www.bjjheroes.com/?p=4317
9941,Edson,Diniz,,InFight,https://www.bjjheroes.com/?p=9941
10835,Eduardo,Azevedo,,,https://www.bjjheroes.com/?p=10835
10835,Eduardo,Avelar,,Soul Fighters,https://www.bjjheroes.com/?p=10835
7405,Eduardo,Barboza,,GF Team,https://www.bjjheroes.com/?p=7405
199,Eduardo,Barros,,,https://www.bjjheroes.com/?p=199
1152,Eduardo,Conceicao,Jamelão,,https://www.bjjheroes.com/?p=1152
9901,Eduardo,Galvao,,Gracie Barra,https://www.bjjheroes.com/?p=9901
3508,Eduardo,Goncalves,,ATT,https://www.bjjheroes.com/?p=3508
13483,Eduardo,Granzotto,Dudu,Checkmat,https://www.bjjheroes.com/?p=13483
4874,Eduardo,Leitao,,Cia Paulista,https://www.bjjheroes.com/?p=4874
9483,Eduardo,Lopes,Duzao,Guigo JJ,https://www.bjjheroes.com/?p=9483
1520,Eduardo,Monteiro,,Gracie Fortaleza,https://www.bjjheroes.com/?p=1520
12539,Eduardo,Roque,,Gordo JJ / R1ng,https://www.bjjheroes.com/?p=12539
2324,Eduardo,Santoro,Portugues,Cia Paulista,https://www.bjjheroes.com/?p=2324
562,Eduardo,Telles,,Nine Nine,https://www.bjjheroes.com/?p=562
8602,Eduardo,Tinoco,,Almeida JJ,https://www.bjjheroes.com/?p=8602
11357,Eduardo,Ramos,,,https://www.bjjheroes.com/?p=11357
9587,Eduardo,Rios,Teta,Frontline,https://www.bjjheroes.com/?p=9587
3371,Eduardo,Venancio,Brigadeiro,Brigadeiro Jiu Jitsu,https://www.bjjheroes.com/?p=3371
7442,Edward,Cummings,"Eddie, Wolverine",Renzo Gracie Academy,https://www.bjjheroes.com/?p=7442
5238,Edwin,Najmi,,Gracie Barra,https://www.bjjheroes.com/?p=5238
10380,Edwin,Junny,Ocasio,Unity,https://www.bjjheroes.com/?p=10380
10318,Eldar,Rafigaev,,Jungle BJJ,https://www.bjjheroes.com/?p=10318
12922,Elder,Cruz,El Monstro,Checkmat,https://www.bjjheroes.com/?p=12922
13095,Eleftheria,Christodoulou,,ZR Team,https://www.bjjheroes.com/?p=13095
13419,Elena,Carauni,,,https://www.bjjheroes.com/?p=13419
7606,Eloisa,Souto,Elo,Kimura/Nova União,https://www.bjjheroes.com/?p=7606
12897,Elijah,Dorsey,,Team Lloyd Irvin,https://www.bjjheroes.com/?p=12897
11182,Elina,Moestam,,Checkmat,https://www.bjjheroes.com/?p=11182
7639,Eliot,Marshall,,Easton Training Centre,https://www.bjjheroes.com/?p=7639
11762,Elisabeth,Clay,,Ares JJ,https://www.bjjheroes.com/?p=11762
10290,Elvira,Karppinen,,10th Planet,https://www.bjjheroes.com/?p=10290
11093,Emilio,Hernandez,,Zenith BJJ,https://www.bjjheroes.com/?p=11093
11669,Emilly,Alves Vasconcelos,,Atos,https://www.bjjheroes.com/?p=11669
13170,Emilly,Fernandez,,LEAD,https://www.bjjheroes.com/?p=13170
12680,Enderson,Dias,,,https://www.bjjheroes.com/?p=12680
9465,Endres,Barbosa Mendes,,Checkmat,https://www.bjjheroes.com/?p=9465
10623,Eric,Phan,,,https://www.bjjheroes.com/?p=10623
11693,Erich,Munis,,,https://www.bjjheroes.com/?p=11693
9868,Ericka,Almeida,,Gracie Barra,https://www.bjjheroes.com/?p=9868
1229,Erik,Wanderley,,Gracie Barra,https://www.bjjheroes.com/?p=1229
12293,Erin,Harpe,,Gracie Jiu-Jitsu,https://www.bjjheroes.com/?p=12293
8605,Erin,Herle,,Alliance,https://www.bjjheroes.com/?p=8605
8215,Espen,Mathiesen,,Kimura Nova Uniao,https://www.bjjheroes.com/?p=8215
12120,Estevan,Martinez,,ZR Team,https://www.bjjheroes.com/?p=12120
11223,Ethan,Crelinsten,,B Team,https://www.bjjheroes.com/?p=11223
1367,Everton,Santana,,,https://www.bjjheroes.com/?p=1367
970,Fabiana,Borges,,Gracie Barra,https://www.bjjheroes.com/?p=970
1713,Fabiano,Silva,,American Top Team,https://www.bjjheroes.com/?p=1713
9725,Fabbio,Passos,,Alliance,https://www.bjjheroes.com/?p=9725
10252,Fabio,Alano,Kamikaze,Alliance,https://www.bjjheroes.com/?p=10252
1665,Fabio,Andrade,,GF Team,https://www.bjjheroes.com/?p=1665
3402,Fabio,Andrade,,Nova Uniao,https://www.bjjheroes.com/?p=3402
4115,Fabio,Caloi,,Alliance,https://www.bjjheroes.com/?p=4115
2266,Fabio,Clemente,,Alliance,https://www.bjjheroes.com/?p=2266
322,Fabio,Gurgel,General,Alliance,https://www.bjjheroes.com/?p=322
658,Fabio,Leopoldo,,Gracie Morumbi,https://www.bjjheroes.com/?p=658
1303,Fabio,Prado,Pateta,FP JJ,https://www.bjjheroes.com/?p=1303
2068,Fabio,Santos,,,https://www.bjjheroes.com/?p=2068
11497,Fabricio,Andrey,,Escola Melqui Galvão,https://www.bjjheroes.com/?p=11497
12629,Fabricio,Barbarotti,,PSLPB,https://www.bjjheroes.com/?p=12629
7878,Fabricio,Camoes,Morango,Gracie Humaita,https://www.bjjheroes.com/?p=7878
1886,Fabricio,Martins,,Equipe Fabricio,https://www.bjjheroes.com/?p=1886
9370,Fabricio,Medici,,Kioto,https://www.bjjheroes.com/?p=9370
9127,Fabricio,Moreira,,Qatar JJ,https://www.bjjheroes.com/?p=9127
13785,Fabyury,Khrysthyan,,GF Team,https://www.bjjheroes.com/?p=13785
573,Fabricio,Werdum,Vai Cavalo,Winner-Behring,https://www.bjjheroes.com/?p=573
7675,Faustino,Neto,Pina,Clube Pina de Jiu Jitsu,https://www.bjjheroes.com/?p=7675
9404,Ffion,Davies,,ECJJ,https://www.bjjheroes.com/?p=9404
2056,Federico,Tisi,,,https://www.bjjheroes.com/?p=2056
7537,Felipe,Bezerra,,Checkmat,https://www.bjjheroes.com/?p=7537
1268,Felipe,Cavalcante,,,https://www.bjjheroes.com/?p=1268
4542,Felipe,Cesar,Felipinho,Barbosa JJ,https://www.bjjheroes.com/?p=4542
465,Felipe,Costa,,Brasa,https://www.bjjheroes.com/?p=465
2416,Felipe,Pena,Preguiça,Gracie Barra,https://www.bjjheroes.com/?p=2416
9309,Felipe,Linhares,Felipinho,Alliance,https://www.bjjheroes.com/?p=9309
5067,Felipe,Neto,Zicro,Alliance,https://www.bjjheroes.com/?p=5067
6209,Felipe,Mota,Gargamel,Roger Gracie Academy,https://www.bjjheroes.com/?p=6209
6029,Felipe,Silva,Bocao,Infight,https://www.bjjheroes.com/?p=6029
8514,Fellipe,Andrew,,,https://www.bjjheroes.com/?p=8514
8686,Fellipe,Trovo,,Gracie Barra / Ushirobira JJ,https://www.bjjheroes.com/?p=8686
12848,Frank,Cespedes,,Alliance,https://www.bjjheroes.com/?p=12848
9760,Frank,Rosenthal,,Renzo Gracie Academy,https://www.bjjheroes.com/?p=9760
437,Fernando Augusto,Silva,Terere,Alliance,https://www.bjjheroes.com/?p=437
1403,Fernando,Di Piero,Soluço,Alliance,https://www.bjjheroes.com/?p=1403
690,Fernando,Marques,Boi,Carlson Gracie,https://www.bjjheroes.com/?p=690
1855,Fernando,Guimaraes,Pinduka,Nova Uniao,https://www.bjjheroes.com/?p=1855
690,Fernando,Monteiro,,Brazil 021,https://www.bjjheroes.com/?p=690
1411,Fernando,Paradeda,,,https://www.bjjheroes.com/?p=1411
1916,Fernando,Pontes,Margarida,,https://www.bjjheroes.com/?p=1916
86,Fernando,Vieira,,,https://www.bjjheroes.com/?p=86
2304,Fernando,Aleluia,,Brazil 021,https://www.bjjheroes.com/?p=2304
12719,Fernanda,Cristo,,Evox,https://www.bjjheroes.com/?p=12719
9859,Firas,Zahabi,,TriStar Gym,https://www.bjjheroes.com/?p=9859
1044,Flavio,Almeida,Cachorrinho,Gracie Barra,https://www.bjjheroes.com/?p=1044
1495,Flavio,Behring,,,https://www.bjjheroes.com/?p=1495
11456,Flavio,Junqueira,,Alliance,https://www.bjjheroes.com/?p=11456
11039,Flavio,Vianna,,,https://www.bjjheroes.com/?p=11039
13842,Florian,Bayili,,,https://www.bjjheroes.com/?p=13842
12372,Francisco,Cuneo,,,https://www.bjjheroes.com/?p=12372
714,Francisco,Albuquerque,Toco,Nova Geracao,https://www.bjjheroes.com/?p=714
13076,Francisco,Lo,,PSLPB Cicero Costha,https://www.bjjheroes.com/?p=13076
714,Francisco,Fernandes,Chiquinho de Cuiaba,Gracie Barra,https://www.bjjheroes.com/?p=714
2040,Francisco,Mansur,,Kioto,https://www.bjjheroes.com/?p=2040
1081,Francisco,Mendes,Chico,Checkmat,https://www.bjjheroes.com/?p=1081
2091,Francisco,Sa,,SAS,https://www.bjjheroes.com/?p=2091
819,Fredson,Paixao,,,https://www.bjjheroes.com/?p=819
9250,Gabriel,Almeida,Tod,Checkmat,https://www.bjjheroes.com/?p=9250
6071,Gabriel,Arges,Frodo,Gracie Barra,https://www.bjjheroes.com/?p=6071
13670,Gabriel,Brod,,,https://www.bjjheroes.com/?p=13670
11766,Gabriel,Costa,Maranhao,Guigo JJ,https://www.bjjheroes.com/?p=11766
10232,Gabriel,Figueiro,,,https://www.bjjheroes.com/?p=10232
12487,Gabriel,Gaudio,,GF Team,https://www.bjjheroes.com/?p=12487
10430,Gabriel,Gonzaga,Napao,,https://www.bjjheroes.com/?p=10430
1017,Gabriel,Goulart,,Alliance,https://www.bjjheroes.com/?p=1017
10817,Gabriel,Henrique Oliveira,,Alliance,https://www.bjjheroes.com/?p=10817
8560,Gabriel,Lucas,Fedor,Checkmat,https://www.bjjheroes.com/?p=8560
9746,Gabriel,Kitober,,,https://www.bjjheroes.com/?p=9746
7698,Gabriel,Marangoni,,Academia Marangoni,https://www.bjjheroes.com/?p=7698
11917,Gabriel,Marinho,,GF Team,https://www.bjjheroes.com/?p=11917
2401,Gabriel,Moraes,,,https://www.bjjheroes.com/?p=2401
13021,Gabriel,de Oliveira Haddad,Biel,,https://www.bjjheroes.com/?p=13021
5061,Gabriel,Rollo,Palito,Checkmat,https://www.bjjheroes.com/?p=5061
607,Gabriel,Vella,,,https://www.bjjheroes.com/?p=607
1563,Gabriel,Rainho,Biel,GF Team,https://www.bjjheroes.com/?p=1563
1586,Gabriel,Ribeiro,,Brazil 021,https://www.bjjheroes.com/?p=1586
9051,Gabriel,Sousa,,ZR Team,https://www.bjjheroes.com/?p=9051
13392,Gabriel,Volante,,XCoach,https://www.bjjheroes.com/?p=13392
10091,Gabriel,Willcox,,,https://www.bjjheroes.com/?p=10091
10153,Gabrieli,Pessanha,,InFight,https://www.bjjheroes.com/?p=10153
11257,Gabrieli,Procopio,,BTT,https://www.bjjheroes.com/?p=11257
12753,Gabriela,Pereira,,Vision,https://www.bjjheroes.com/?p=12753
9241,Gabriela,Fechter,,Checkmat,https://www.bjjheroes.com/?p=9241
595,Gabrielle,Garcia,Gabi,Alliance,https://www.bjjheroes.com/?p=595
8991,Gabrielle,McComb,Gabi,Gracie Humaita,https://www.bjjheroes.com/?p=8991
1696,Garth,Taylor,,,https://www.bjjheroes.com/?p=1696
5649,Gary,Tonon,,Renzo Gracie Academy,https://www.bjjheroes.com/?p=5649
1408,Gastao,Gracie,,Gracie JJ,https://www.bjjheroes.com/?p=1408
8583,Geny,Rebelo,,Academia Serrana,https://www.bjjheroes.com/?p=8583
8532,Gerard,Labinski,,,https://www.bjjheroes.com/?p=8532
528,George,Gracie,Gato Ruivo,Gracie JJ,https://www.bjjheroes.com/?p=528
3380,Geraldo,Flores,,,https://www.bjjheroes.com/?p=3380
1329,Gerardi,Rinaldi,Jerry,Renzo Gracie,https://www.bjjheroes.com/?p=1329
3479,Gezary,Matuda,,American Top Team,https://www.bjjheroes.com/?p=3479
11797,Giancarlo,Bodoni,,Alliance,https://www.bjjheroes.com/?p=11797
4248,Gianni,Grippo,,Alliance,https://www.bjjheroes.com/?p=4248
446,Gilbert,Burns,Durinho,Atos,https://www.bjjheroes.com/?p=446
7872,Gilson,Nunes,Nenem,Checkmat,https://www.bjjheroes.com/?p=7872
13016,Giovanna,Jara,,,https://www.bjjheroes.com/?p=13016
13167,Giulia,Gregorut,,,https://www.bjjheroes.com/?p=13167
6550,Gordon,Ryan,,New Wave,https://www.bjjheroes.com/?p=6550
11783,Grace,Gundrum,,10th Planet,https://www.bjjheroes.com/?p=11783
13493,Greg,Souders,,Standard JJ,https://www.bjjheroes.com/?p=13493
1322,Gregor,Gracie,,Renzo Gracie,https://www.bjjheroes.com/?p=1322
12563,Guilherme,Bacha,,Checkmat,https://www.bjjheroes.com/?p=12563
1733,Guilherme,Cascon,,Brazil 021,https://www.bjjheroes.com/?p=1733
9361,Guilherme,Cordiviola,,GF Team,https://www.bjjheroes.com/?p=9361
13575,Guilherme,Fernandes,,Dream Art,https://www.bjjheroes.com/?p=13575
415,Guilherme,Mendes,,AOJ,https://www.bjjheroes.com/?p=415
9635,Guilherme,Rocha,,ZR Team,https://www.bjjheroes.com/?p=9635
1388,Gunnar,Nelson,,,https://www.bjjheroes.com/?p=1388
8195,Gutemberg,Pereira,,GF Team,https://www.bjjheroes.com/?p=8195
10199,Guthierry,Barbosa,,PRM Team / Carlson Gracie Academy,https://www.bjjheroes.com/?p=10199
108,Gustavo,Campos,Guto,Atos,https://www.bjjheroes.com/?p=108
620,Gustavo,Dantas,,Nova Uniao,https://www.bjjheroes.com/?p=620
11543,Gustavo,Maron,,Dream Art,https://www.bjjheroes.com/?p=11543
10932,Gustavo,Machado,,,https://www.bjjheroes.com/?p=10932
8357,Gustavo,Batista,Braguinha,Atos,https://www.bjjheroes.com/?p=8357
4177,Gustavo,Dias Elias,,Gracie Humaita,https://www.bjjheroes.com/?p=4177
5726,Gustavo,Pires,Siri,Gracie Barra,https://www.bjjheroes.com/?p=5726
9338,Guybson,Sa,,SAS Team,https://www.bjjheroes.com/?p=9338
12338,Gyalisson,Freitas,Hiago,GF Team,https://www.bjjheroes.com/?p=12338
11359,Heath,Pedigo,,Pedigo Submission Fighting,https://www.bjjheroes.com/?p=11359
10926,Heather,Raftery,,Atos,https://www.bjjheroes.com/?p=10926
258,Hanette,Staack,,Brazil 021,https://www.bjjheroes.com/?p=258
11215,Harryson,Pereira,,Ataque Duplo,https://www.bjjheroes.com/?p=11215
13496,Helder,Junior,Tropeco,Fratres,https://www.bjjheroes.com/?p=13496
11228,Helder,Medeiros,SpongeBob,,https://www.bjjheroes.com/?p=11228
44,Helio,Gracie,,Gracie JJ,https://www.bjjheroes.com/?p=44
655,Helio,Moreira,Soneca,,https://www.bjjheroes.com/?p=655
3129,Helio,Vigio,,Gracie Humaita,https://www.bjjheroes.com/?p=3129
7704,Helton,Jose Junior,,PSLPB Cícero Costha,https://www.bjjheroes.com/?p=7704
671,Helvecio,Penna,,De La Riva,https://www.bjjheroes.com/?p=671
9554,Henrique,Cardoso,,Ceconi JJ,https://www.bjjheroes.com/?p=9554
371,Henrique,Machado,,ASLE,https://www.bjjheroes.com/?p=371
8038,Hiago,Gama,,Alliance,https://www.bjjheroes.com/?p=8038
12241,Higor,Lima,,Kahwage Fight Team,https://www.bjjheroes.com/?p=12241
184,Hillary,Williams,Gringa,WSMMA,https://www.bjjheroes.com/?p=184
13326,Hiryu,Niwa,,AOJ,https://www.bjjheroes.com/?p=13326
7399,Horlando,Monteiro,,Kimura/Nova União,https://www.bjjheroes.com/?p=7399
973,Huanderson,Pavao,,GF Team,https://www.bjjheroes.com/?p=973
8138,Hugo,Marques,,Soul Fighters,https://www.bjjheroes.com/?p=8138
1174,Humberto,Silveira,,Shiozawa,https://www.bjjheroes.com/?p=1174
7332,Hunter,Ewald,,,https://www.bjjheroes.com/?p=7332
9117,Hygor,Brito,,PSLPB,https://www.bjjheroes.com/?p=9117
3279,Ian,Behring,,,https://www.bjjheroes.com/?p=3279
1750,Ian,Mcpherson,,Alliance,https://www.bjjheroes.com/?p=1750
9488,Ian,Sanders,,RFBJJ,https://www.bjjheroes.com/?p=9488
1655,Ida,Hansson,,Checkmat,https://www.bjjheroes.com/?p=1655
12554,Iasmin,Casser,,AOJ,https://www.bjjheroes.com/?p=12554
12225,Igor,Feliz,,Future School Of Jiu-Jitsu,https://www.bjjheroes.com/?p=12225
2013,Igor,Rodrigues,Baixinho,Checkmat,https://www.bjjheroes.com/?p=2013
680,Igor,Silva,,GF Team,https://www.bjjheroes.com/?p=680
8477,Igor,Paiva,,Soul Fighters,https://www.bjjheroes.com/?p=8477
6631,Igor,Schneider,Tigrao,New School Brotherhood,https://www.bjjheroes.com/?p=6631
11145,Igor,Tanabe,,Igloo BJJ,https://www.bjjheroes.com/?p=11145
8647,Igor,Verissimo,,,https://www.bjjheroes.com/?p=8647
7743,Inacio,Neto,,Gracie Barra,https://www.bjjheroes.com/?p=7743
13853,Inacio,Santos,,,https://www.bjjheroes.com/?p=13853
11929,Ingridd,Alves,,,https://www.bjjheroes.com/?p=11929
10408,Israel,Sousa,,GF Team,https://www.bjjheroes.com/?p=10408
1542,Italo,Lins,,GF Team,https://www.bjjheroes.com/?p=1542
13660,Italo,Lima Costa,,Ares,https://www.bjjheroes.com/?p=13660
10295,Italo,Moura,,Unity - PSLPB,https://www.bjjheroes.com/?p=10295
6379,Itallo,Vilardo,,,https://www.bjjheroes.com/?p=6379
7552,Isaque,Bahiense,,Dream Art,https://www.bjjheroes.com/?p=7552
9606,Iseong,Jang,,Wire JJ,https://www.bjjheroes.com/?p=9606
12633,Ismael,Santos,,GF Team,https://www.bjjheroes.com/?p=12633
2335,Ivan,Gomes,,,https://www.bjjheroes.com/?p=2335
1874,Ivaniel,Oliveira,,Atos,https://www.bjjheroes.com/?p=1874
11939,Jackson,Douglas,,Checkmat,https://www.bjjheroes.com/?p=11939
3200,Jackson,Sousa,Jack,Checkmat,https://www.bjjheroes.com/?p=3200
11208,Jackson,Nagai,,Checkmat,https://www.bjjheroes.com/?p=11208
13162,Jacob,Couch,,,https://www.bjjheroes.com/?p=13162
8168,Jaqueline,Amorim,,Checkmat,https://www.bjjheroes.com/?p=8168
1813,Jair,Lourenco,,Nova Uniao - Kimura,https://www.bjjheroes.com/?p=1813
8756,Jake,Ferrara,,GF Team,https://www.bjjheroes.com/?p=8756
1014,Jake,Mackenzie,,,https://www.bjjheroes.com/?p=1014
10240,Jake,Watson,,Maracaba BJJ,https://www.bjjheroes.com/?p=10240
10986,Jakub,Zajkowski,,,https://www.bjjheroes.com/?p=10986
1526,James,Brasco,,BJJ Center,https://www.bjjheroes.com/?p=1526
1768,James,Harbison,Jah,Lloyd Irvin,https://www.bjjheroes.com/?p=1768
1827,James,Puopolo,,Gracie Humaita,https://www.bjjheroes.com/?p=1827
4107,Janni,Larsson,,Checkmat,https://www.bjjheroes.com/?p=4107
13064,Janaina,Lebre,,Gracie Humaita,https://www.bjjheroes.com/?p=13064
12506,Jansen,Gomes,Nenego,Checkmat,https://www.bjjheroes.com/?p=12506
13132,Jasmine,Rocha,,Vagner Rocha MA,https://www.bjjheroes.com/?p=13132
10759,Jason,Rau,,Team Serra,https://www.bjjheroes.com/?p=10759
4706,Javier,Vazquez,Showtime,,https://www.bjjheroes.com/?p=4706
13624,Javier,Barter,,F Moya JJ,https://www.bjjheroes.com/?p=13624
13680,Javier,Zaruski,,Atos,https://www.bjjheroes.com/?p=13680
13926,Jacob,Rodriguez,Jay,B Team,https://www.bjjheroes.com/?p=13926
10506,Jeferson,Guaresi,,Unity JJ,https://www.bjjheroes.com/?p=10506
1214,Jefferson,Moura,,Gracie Barra,https://www.bjjheroes.com/?p=1214
1031,Jake,Shields,,Gracie Elite,https://www.bjjheroes.com/?p=1031
88,Jean Jacques,Machado,,Machado JJ,https://www.bjjheroes.com/?p=88
235,Jean,Kleber,,Kimura,https://www.bjjheroes.com/?p=235
610,Jeff,Glover,Pipelayer,Paragon,https://www.bjjheroes.com/?p=610
364,Jeff,Joslin,,,https://www.bjjheroes.com/?p=364
8223,Jena,Bishop,,Gracie Humaita,https://www.bjjheroes.com/?p=8223
1423,Jeremy,Arel,Gerbil,,https://www.bjjheroes.com/?p=1423
9440,Jeremy,Jackson,,CTA,https://www.bjjheroes.com/?p=9440
12259,Jeremy,Skinner,,Absolute MMA,https://www.bjjheroes.com/?p=12259
11690,Jessa,Khan,,AOJ,https://www.bjjheroes.com/?p=11690
7608,Jesse,Urholin,,Alliance,https://www.bjjheroes.com/?p=7608
11314,Jessica,Caroline,,PAX JJ,https://www.bjjheroes.com/?p=11314
9202,Jessica Cristina,Santos,,Elite BJJ,https://www.bjjheroes.com/?p=9202
7817,Jessica,Flowers,Oliveira,Gracie Barra,https://www.bjjheroes.com/?p=7817
9096,Jessica,Swanson,,Soul Fighters,https://www.bjjheroes.com/?p=9096
12551,Jhenifer,Aquino,,Atos,https://www.bjjheroes.com/?p=12551
644,Joao,Assis,,Checkmat,https://www.bjjheroes.com/?p=644
11960,Joao,Cizeski,,FP Team,https://www.bjjheroes.com/?p=11960
12178,Joao,Costa,,Fight Sports,https://www.bjjheroes.com/?p=12178
1500,Joao,Faria,Johnny,Gracie Humaita,https://www.bjjheroes.com/?p=1500
9074,Joao,Mendes,Bisnaga,Atos,https://www.bjjheroes.com/?p=9074
2997,Joao,Miyao,,PSLPB,https://www.bjjheroes.com/?p=2997
2403,Joao Gabriel,Rocha,,Double Five,https://www.bjjheroes.com/?p=2403
8351,Joao Paulo,Neto,,Alliance,https://www.bjjheroes.com/?p=8351
952,Joao,Roque,,Nova Uniao,https://www.bjjheroes.com/?p=952
521,Joao,Zeferino,,Gracie Floripa,https://www.bjjheroes.com/?p=521
1719,Joao Alberto,Barreto,,,https://www.bjjheroes.com/?p=1719
3366,Joao Paulo,Oliveira,Jones,Strauch Jiu Jitsu,https://www.bjjheroes.com/?p=3366
11114,Joe,Baize,,Ocean County BJJ,https://www.bjjheroes.com/?p=11114
566,Joe,Moreira,,,https://www.bjjheroes.com/?p=566
8369,Joel,Gingery,,Memphis Judo + BJJ,https://www.bjjheroes.com/?p=8369
11894,Joel,Tudor,,,https://www.bjjheroes.com/?p=11894
8938,Jorge,Britto,,Jiu-Jitsu For Life Team,https://www.bjjheroes.com/?p=8938
720,Jorge,Patino,Macaco,Macaco Gold Team,https://www.bjjheroes.com/?p=720
623,John,Danaher,,New Wave,https://www.bjjheroes.com/?p=623
6836,John,Combs,,Easton Training Centre,https://www.bjjheroes.com/?p=6836
3286,John,Crouch,,MMA Lab,https://www.bjjheroes.com/?p=3286
11195,John,Kavanagh,,SBG,https://www.bjjheroes.com/?p=11195
1569,John,Frankl,,Straight Blast Gym,https://www.bjjheroes.com/?p=1569
3220,John,Lewis,,Nova Uniao,https://www.bjjheroes.com/?p=3220
10531,John,Salter,,Salty Dog JJ,https://www.bjjheroes.com/?p=10531
705,John,Will,,,https://www.bjjheroes.com/?p=705
12095,Johnif,Rocha,,Cicero Costha,https://www.bjjheroes.com/?p=12095
7664,Johnny,Tama,,Studio 76,https://www.bjjheroes.com/?p=7664
10588,Jon,Blank,,10th Planet,https://www.bjjheroes.com/?p=10588
11248,Jonata,Gomes,Be,Checkmat,https://www.bjjheroes.com/?p=11248
10085,Jonatha,Alves,,Atos,https://www.bjjheroes.com/?p=10085
8767,Jonathan,Calestine,Jon,Renzo Gracie Academy,https://www.bjjheroes.com/?p=8767
9367,Jonathan,Thomas,,Valhalla BJJ,https://www.bjjheroes.com/?p=9367
975,Jonatas,Gurgel,Tagarela,American Top Team,https://www.bjjheroes.com/?p=975
10293,Jonas,Andrade,,PSLPB,https://www.bjjheroes.com/?p=10293
11084,Jonatas,Novaes,,Channel Islands JJ,https://www.bjjheroes.com/?p=11084
10103,Jonnatas,Gracie,,Atos,https://www.bjjheroes.com/?p=10103
12247,Jordan,Vaisman,,Art Of Jiu-Jitsu,https://www.bjjheroes.com/?p=12247
754,Jose,Aldo,Juninho,Nova Uniao,https://www.bjjheroes.com/?p=754
7693,Jose,Carlos Granja,,Kimura / Nova Uniao,https://www.bjjheroes.com/?p=7693
7931,Jose,Carlos Sousa,,GF Team,https://www.bjjheroes.com/?p=7931
2241,Jose,Leao Teixeira,Ze Beleza,Escola de Jiu Jitsu,https://www.bjjheroes.com/?p=2241
1548,Jose,Junior,,,https://www.bjjheroes.com/?p=1548
12401,Jose,Marcello,Ze,Icon JJ,https://www.bjjheroes.com/?p=12401
3357,Jose Mario,Queiroga,Esfiha,,https://www.bjjheroes.com/?p=3357
232,Jose Mario,Sperry,"Ze, Zen Machine, Ze Maquina",Brazilian Top Team,https://www.bjjheroes.com/?p=232
1633,Jose,Olimpio,Ze Radiola,Gracie Barra,https://www.bjjheroes.com/?p=1633
650,Josef,Manuel,Ze Cobra,Nova Uniao,https://www.bjjheroes.com/?p=650
13763,Jozef,Chen,,B Team,https://www.bjjheroes.com/?p=13763
12378,Joseph,Dierkhising,Joe,,https://www.bjjheroes.com/?p=12378
2095,Josh,Griffiths,,Clockwork JJ,https://www.bjjheroes.com/?p=2095
7096,Josh,Hinger,,Atos,https://www.bjjheroes.com/?p=7096
11568,Joshua,Cisneros,,Cleber JJ / Elite Team,https://www.bjjheroes.com/?p=11568
3313,Juan Caio,Kamezawa,,Alliance,https://www.bjjheroes.com/?p=3313
8555,Juan Miguel,Iturralde,,Alliance,https://www.bjjheroes.com/?p=8555
7757,Juan,Lopes da Silva,,Prime Team,https://www.bjjheroes.com/?p=7757
13775,Julian,Espinosa,,Renzo Gracie Academy,https://www.bjjheroes.com/?p=13775
7006,Julio,dos Anjos Junior,,,https://www.bjjheroes.com/?p=7006
203,Julio,Cesar,,GF Team,https://www.bjjheroes.com/?p=203
4507,Julio,Fernandez,Foca,BJJ Revolution,https://www.bjjheroes.com/?p=4507
4411,Julius,Park,,Crazy 88,https://www.bjjheroes.com/?p=4411
12785,Julia,Alves,,GF Team,https://www.bjjheroes.com/?p=12785
10370,Julia,Boscher,,,https://www.bjjheroes.com/?p=10370
11401,Juliana,Borges,,,https://www.bjjheroes.com/?p=11401
9711,Jurandir,Conceicao,,G13,https://www.bjjheroes.com/?p=9711
1377,Jurandir,Moura,,,https://www.bjjheroes.com/?p=1377
13801,Justin,Ordinario,,,https://www.bjjheroes.com/?p=13801
1398,Justin,Rader,,,https://www.bjjheroes.com/?p=1398
9114,JW,Wright,,Gracie Humaita,https://www.bjjheroes.com/?p=9114
1377,Jurandir,Moura,,,https://www.bjjheroes.com/?p=1377
967,Jonathan,Torres,JT,Atos,https://www.bjjheroes.com/?p=967
13028,Kacie,Tan,,Fortitude BJJ,https://www.bjjheroes.com/?p=13028
13834,Kaua,Gabriel,,Escola Melqui Galvao,https://www.bjjheroes.com/?p=13834
11465,Kauan,Barboza,,Checkmat,https://www.bjjheroes.com/?p=11465
3009,Keenan,Cornelius,,Atos,https://www.bjjheroes.com/?p=3009
12491,Keith,Krikorian,,10th Planet,https://www.bjjheroes.com/?p=12491
1068,Keith,McKenzie,,Checkmat,https://www.bjjheroes.com/?p=1068
2504,Gerry,Costa,Kid Pelligro,,https://www.bjjheroes.com/?p=2504
12005,Kade,Ruotolo,,Atos,https://www.bjjheroes.com/?p=12005
11725,Kaiser,Girao,,Checkmat,https://www.bjjheroes.com/?p=11725
8173,Karel,Pravec,Silver Fox,Renzo Gracie Academy,https://www.bjjheroes.com/?p=8173
13473,Kauane,Silva,,Fight Sports,https://www.bjjheroes.com/?p=13473
8974,Kaynan,Duarte,,Atos,https://www.bjjheroes.com/?p=8974
10885,Kendall,Reusing,,Gracie Barra,https://www.bjjheroes.com/?p=10885
9031,Kennedy,Maciel,Cobrinha Junior,Alliance,https://www.bjjheroes.com/?p=9031
13678,Kenta,Iwamoto,,,https://www.bjjheroes.com/?p=13678
11889,Keven,Carrasco,,Ares,https://www.bjjheroes.com/?p=11889
13507,Kevin,Gabriel Alencar,,Dream Art,https://www.bjjheroes.com/?p=13507
6368,Kevin,Mahecha,,ATT,https://www.bjjheroes.com/?p=6368
13515,Khaled,Alshehi,,,https://www.bjjheroes.com/?p=13515
12115,Kieran,Kichuk,,Team Lloyd Irvin,https://www.bjjheroes.com/?p=12115
9758,Kit,Dale,,,https://www.bjjheroes.com/?p=9758
12010,Kira,Sung,,Seorae JJ,https://www.bjjheroes.com/?p=12010
13241,Kjetil,Lydvo,,Frontline,https://www.bjjheroes.com/?p=13241
11049,Kody,Steele,,Checkmat,https://www.bjjheroes.com/?p=11049
1919,Koji,Shibamoto,,Tri Force,https://www.bjjheroes.com/?p=1919
674,Kyra,Gracie,,,https://www.bjjheroes.com/?p=674
8981,Kristen,Martin,,Brazil 021,https://www.bjjheroes.com/?p=8981
8893,Kristin,Mikkelson,,Brazil 021,https://www.bjjheroes.com/?p=8893
788,Kron,Gracie,,,https://www.bjjheroes.com/?p=788
12842,Kristof,Szucs,,Gracie Barra,https://www.bjjheroes.com/?p=12842
901,Kayron,Gracie,,Gracie Barra,https://www.bjjheroes.com/?p=901
2475,Kurt,Osiander,,Ralph Gracie,https://www.bjjheroes.com/?p=2475
10705,Kyle,Boehm,,10th Planet,https://www.bjjheroes.com/?p=10705
8399,Kleber,Oliveira,Buiu,Gracie Barra,https://www.bjjheroes.com/?p=8399
8682,Lachlan,Giles,,Absolute MMA,https://www.bjjheroes.com/?p=8682
9477,Larissa,Campos,,Gracie Humaita,https://www.bjjheroes.com/?p=9477
12508,Larissa,Dias,,,https://www.bjjheroes.com/?p=12508
9938,Larissa,Paes,,Gordo JJ,https://www.bjjheroes.com/?p=9938
1041,Laercio,Fernandes,,Team Oyama,https://www.bjjheroes.com/?p=1041
11071,Laura,Barker,,Gracie Barra,https://www.bjjheroes.com/?p=11071
1840,Laurence,Cousin Fouillat,,,https://www.bjjheroes.com/?p=1840
3028,Leandro,Escobar,Tatu,,https://www.bjjheroes.com/?p=3028
13458,Leandro,Lima,Rounaud,Fratres,https://www.bjjheroes.com/?p=13458
1188,Leandro,Lo,,NS Brotherhood,https://www.bjjheroes.com/?p=1188
1730,Leandro,Lora,,Brazil 021,https://www.bjjheroes.com/?p=1730
1799,Leandro,Martins,Leu,Checkmat,https://www.bjjheroes.com/?p=1799
1662,Leandro,Nyza,,Nova Uniao,https://www.bjjheroes.com/?p=1662
12243,Leon,Brito,,BTT,https://www.bjjheroes.com/?p=12243
11132,Leon,Larman,,CTA,https://www.bjjheroes.com/?p=11132
9014,Levi,Jones-Leary,"Xanadu, Levizao",Unity JJ,https://www.bjjheroes.com/?p=9014
7981,Livia,Gluchowska,,Maromba,https://www.bjjheroes.com/?p=7981
9044,Livio,Ribeiro,Galinho,Ares JJ,https://www.bjjheroes.com/?p=9044
7082,Luca,Anacoreta,,Aeterna Jiu Jitsu,https://www.bjjheroes.com/?p=7082
10780,Laurah,Hallock,,GF Team,https://www.bjjheroes.com/?p=10780
1624,Leonardo,Arruda,,Guigo JJ,https://www.bjjheroes.com/?p=1624
935,Leonardo,Castello Branco,,Brasa,https://www.bjjheroes.com/?p=935
3443,Leonardo,Davila,,Atos,https://www.bjjheroes.com/?p=3443
9067,Leonardo,Lara,,Almeida JJ / Atos,https://www.bjjheroes.com/?p=9067
886,Leonardo,Leite,,Alliance,https://www.bjjheroes.com/?p=886
1272,Leonardo,Nogueira,,Alliance,https://www.bjjheroes.com/?p=1272
13062,Leonardo,Mario,,PSLPB Cicero Costha,https://www.bjjheroes.com/?p=13062
10339,Leonardo,Pecanha,,,https://www.bjjheroes.com/?p=10339
8231,Leonardo,Saggioro,Cascao,BTT,https://www.bjjheroes.com/?p=8231
292,Leonardo,Santos,,Nova Uniao,https://www.bjjheroes.com/?p=292
10352,Leonardo,Silva,,GF Team,https://www.bjjheroes.com/?p=10352
419,Leonardo,Vieira,Leozinho,Checkmat,https://www.bjjheroes.com/?p=419
903,Leticia,Ribeiro,,Gracie Humaita,https://www.bjjheroes.com/?p=903
1307,Lloyd,Irvin,,Lloyd Irvin,https://www.bjjheroes.com/?p=1307
512,Luana,Alzuguir,,Alliance,https://www.bjjheroes.com/?p=512
12323,Luan,Andrei,,R1ng,https://www.bjjheroes.com/?p=12323
10741,Luan,Azevedo,,PSLPB,https://www.bjjheroes.com/?p=10741
5078,Luan,Carvalho,,Nova Uniao,https://www.bjjheroes.com/?p=5078
1419,Louie,Cercedez,,Ronin BJJ,https://www.bjjheroes.com/?p=1419
10669,Lucas,Alves,,Alliance,https://www.bjjheroes.com/?p=10669
11658,Lucas,Gualberto,Simba,Dream Art,https://www.bjjheroes.com/?p=11658
358,Lucas,Lepri,,Alliance,https://www.bjjheroes.com/?p=358
13432,Luccas,Lira,,,https://www.bjjheroes.com/?p=13432
875,Lucas,Leite,,Checkmat,https://www.bjjheroes.com/?p=875
13031,Lucas,Lisboa,,Fight Sports,https://www.bjjheroes.com/?p=13031
5660,Lucas,Rocha,,ZR Team,https://www.bjjheroes.com/?p=5660
5655,Lucas,Daniel Barbosa,Hulk,Atos,https://www.bjjheroes.com/?p=5655
6043,Lucas,Pinheiro,Bad Boy,Checkmat,https://www.bjjheroes.com/?p=6043
12348,Lucas,Protasio,,Checkmat,https://www.bjjheroes.com/?p=12348
13093,Lucas,Rodrigues,,,https://www.bjjheroes.com/?p=13093
12267,Lucas,Norat,,Gracie Barra,https://www.bjjheroes.com/?p=12267
8516,Lucas,Valente,,Gracie Barra,https://www.bjjheroes.com/?p=8516
11812,Lucas,Sachs,,,https://www.bjjheroes.com/?p=11812
13269,Lucas,Souza,Foguinho,Atos,https://www.bjjheroes.com/?p=13269
11512,Lucas,Silva,Lukete,Cassao Team / Gracie Barra,https://www.bjjheroes.com/?p=11512
11701,Luciano,Nucci,Casquinha,Alliance,https://www.bjjheroes.com/?p=11701
1263,Lucio,Rodrigues,Lagarto,Gracie Barra,https://www.bjjheroes.com/?p=1263
809,Luis Carlos,Dias,Manimal,Manimal,https://www.bjjheroes.com/?p=809
3245,Luis,Heredia,Limao,Maui Jiu Jitsu,https://www.bjjheroes.com/?p=3245
1395,Luis,Lima,Guga,,https://www.bjjheroes.com/?p=1395
1675,Luis Roberto,Duarte,Bebeo,Brazilian Top Team,https://www.bjjheroes.com/?p=1675
10403,Luis,Marques,,,https://www.bjjheroes.com/?p=10403
13053,Luis,Oliveira,Cantareira,Frates JJ,https://www.bjjheroes.com/?p=13053
1722,Luis,Roman,,,https://www.bjjheroes.com/?p=1722
2560,Luiz,Dias,,GAS,https://www.bjjheroes.com/?p=2560
2443,Luiz,Franca,,,https://www.bjjheroes.com/?p=2443
693,Luiz,Guilherme,Guigo,Guigo JJ,https://www.bjjheroes.com/?p=693
1426,Luiz,Abdo,Tom,,https://www.bjjheroes.com/?p=1426
2404,Luiz,Ribeiro,Manxinha,Checkmat,https://www.bjjheroes.com/?p=2404
3122,Luiz,Panza,,Barbosa JJ,https://www.bjjheroes.com/?p=3122
11872,Luiz,Paulo,,,https://www.bjjheroes.com/?p=11872
5263,Luiza,Monteiro,,Atos,https://www.bjjheroes.com/?p=5263
2627,Luzia,Fernandes,,Gracie Barra,https://www.bjjheroes.com/?p=2627
13733,Luke,Griffith,,New Wave,https://www.bjjheroes.com/?p=13733
13902,Luke,Harris,,Hayabusa TC,https://www.bjjheroes.com/?p=13902
2444,Mackenzie,Dern,,Gracie Humaita,https://www.bjjheroes.com/?p=2444
10895,Maggie,Grindatti,,Fight Sports,https://www.bjjheroes.com/?p=10895
10155,Malachi,Edmond,,Team Lloyd Irvin,https://www.bjjheroes.com/?p=10155
7543,Manuel,Pontes,Nelton,Gracie Barra,https://www.bjjheroes.com/?p=7543
12544,Mateus,Rodrigues,,AOJ,https://www.bjjheroes.com/?p=12544
13916,Mateusz,Szczecinski,,,https://www.bjjheroes.com/?p=13916
8112,Matheus,Costa,,GF Team,https://www.bjjheroes.com/?p=8112
5423,Matheus,Diniz,Gorilla,Alliance,https://www.bjjheroes.com/?p=5423
9230,Matheus,Felipe,Ta Danado,Checkmat,https://www.bjjheroes.com/?p=9230
9002,Matheus,Gabriel Barros,,Checkmat,https://www.bjjheroes.com/?p=9002
10698,Matheus,Godoy,,Alliance,https://www.bjjheroes.com/?p=10698
8800,Matheus,Gonzaga,,,https://www.bjjheroes.com/?p=8800
7047,Matheus,Spirandeli,,,https://www.bjjheroes.com/?p=7047
13111,Matheus,Lima,,White House JJS,https://www.bjjheroes.com/?p=13111
10658,Matheus,Luna,,Checkmat,https://www.bjjheroes.com/?p=10658
10909,Matheus,Lutes,,Alliance,https://www.bjjheroes.com/?p=10909
13438,Matheus,Menezes,Teteu,Atos,https://www.bjjheroes.com/?p=13438
12689,Matias,Estevez,,,https://www.bjjheroes.com/?p=12689
8729,Matthew,Leighton,,Bonsai,https://www.bjjheroes.com/?p=8729
2322,Marc,Laimon,,Cobra Kai,https://www.bjjheroes.com/?p=2322
1382,Marcel,Louzado,,,https://www.bjjheroes.com/?p=1382
570,Marcelino,Freitas,Telino,Nova Uniao,https://www.bjjheroes.com/?p=570
2985,Marcelo,Azevedo,Uirapuru,Gracie Barra,https://www.bjjheroes.com/?p=2985
739,Marcelo,Behring,,,https://www.bjjheroes.com/?p=739
8361,Marcelo,Cohen,,The Armoury,https://www.bjjheroes.com/?p=8361
8361,Marcelo,Fausto,,Checkmat,https://www.bjjheroes.com/?p=8361
16,Marcelo,Garcia,Marcelinho,Alliance,https://www.bjjheroes.com/?p=16
10644,Marcelo,Gomide,,Gracie Barra,https://www.bjjheroes.com/?p=10644
10405,Marcelo,Nunes,,Zenith JJ,https://www.bjjheroes.com/?p=10405
1090,Marcelo,Machado,,Gracie Humaita,https://www.bjjheroes.com/?p=1090
9706,Marcelo,Mafra,Lapela,Checkmat,https://www.bjjheroes.com/?p=9706
8337,Marcelo,Martins,Capo,Checkmat,https://www.bjjheroes.com/?p=8337
1253,Marcelo,Ribeiro,,Gracie Barra,https://www.bjjheroes.com/?p=1253
13628,Marcelo,Pereira,,,https://www.bjjheroes.com/?p=13628
205,Marcelo,Salazar,,,https://www.bjjheroes.com/?p=205
943,Marcelo,Saporito,,Carlson Gracie,https://www.bjjheroes.com/?p=943
4163,Marcio Andre,Barbosa Junior,,Nova Uniao,https://www.bjjheroes.com/?p=4163
9,Marcio,Cruz,Pé de Pano,,https://www.bjjheroes.com/?p=9
3099,Marcio,Corleta,,Winner BJJ,https://www.bjjheroes.com/?p=3099
4135,Marcio,dos Santos,,Carlson Gracie,https://www.bjjheroes.com/?p=4135
687,Marcio,Feitosa,,Gracie Barra,https://www.bjjheroes.com/?p=687
3090,Marcio,Stambowsky,Macarrao,,https://www.bjjheroes.com/?p=3090
492,Marco,Barbosa,"Barba, Barbosinha",Barbosa,https://www.bjjheroes.com/?p=492
405,Marco,Canha,Xassi,Checkmat,https://www.bjjheroes.com/?p=405
1218,Marco,Vilella,Gigante,,https://www.bjjheroes.com/?p=1218
1161,Marcos,Barreto,,,https://www.bjjheroes.com/?p=1161
1182,Marcos,da Matta,Parrumpinha,American Top Team,https://www.bjjheroes.com/?p=1182
1124,Marcos,Escobar,,,https://www.bjjheroes.com/?p=1124
617,Marcos,Cerqueira,,,https://www.bjjheroes.com/?p=617
1848,Marcos,de Souza,,Bonsai,https://www.bjjheroes.com/?p=1848
2385,Marcos,Galvao,Loro,Nova Uniao,https://www.bjjheroes.com/?p=2385
9573,Marcos,Martins,Petcho,B9,https://www.bjjheroes.com/?p=9573
13487,Marco,Mendes,,Dream Art,https://www.bjjheroes.com/?p=13487
6577,Marcos,Santana,Ratinho,,https://www.bjjheroes.com/?p=6577
5702,Marcos,Oliveira,Santa Cruz,ADTT,https://www.bjjheroes.com/?p=5702
4789,Marcos,Silva Tinoco,Lekinho,Alliance,https://www.bjjheroes.com/?p=4789
8290,Marcos Paulo,Costa,,DDR,https://www.bjjheroes.com/?p=8290
2290,Marcos,Torregrosa,Yamaso,,https://www.bjjheroes.com/?p=2290
984,Marcus,Almeida,Buchecha,Checkmat,https://www.bjjheroes.com/?p=984
12303,Marcus,Beddor,,M-Theory,https://www.bjjheroes.com/?p=12303
1619,Marcus,Bello,,GF Team,https://www.bjjheroes.com/?p=1619
1785,Marcus,Norat,,,https://www.bjjheroes.com/?p=1785
11187,Marcus,Phelan,,ECBJJA,https://www.bjjheroes.com/?p=11187
10130,Marcus Vinicius,Ribeiro,Scooby,Alliance,https://www.bjjheroes.com/?p=10130
12744,Mariana,Rolszt,,,https://www.bjjheroes.com/?p=12744
12233,Margot,Ciccarelli,,Unity JJ,https://www.bjjheroes.com/?p=12233
12201,Maria,Eduarda Tozoni,Duda,The Match Champ,https://www.bjjheroes.com/?p=12201
13505,Maria,Luiza,,Almeida JJ,https://www.bjjheroes.com/?p=13505
8759,Maria,Malyjasiak,,,https://www.bjjheroes.com/?p=8759
13809,Maria,Ruffatto,,BTT,https://www.bjjheroes.com/?p=13809
13586,Maria Carolina,Vicentini,,Dream Art,https://www.bjjheroes.com/?p=13586
1810,Marina,Ribeiro,,Checkmat,https://www.bjjheroes.com/?p=1810
3546,Mario Claudio,Tallarico,,,https://www.bjjheroes.com/?p=3546
790,Mario,Reis,,Alliance,https://www.bjjheroes.com/?p=790
1226,Mario,Yokoyama,,Ryan Gracie,https://www.bjjheroes.com/?p=1226
2111,Mariusz,Linke,,Macaco Gold Team,https://www.bjjheroes.com/?p=2111
1774,Mark,Ramos,,,https://www.bjjheroes.com/?p=1774
367,Marlon,Sandro,,Nova Uniao,https://www.bjjheroes.com/?p=367
7645,Masahiro,Iwasaki,,Carpe Diem,https://www.bjjheroes.com/?p=7645
11789,Mason,Fowler,,CTA,https://www.bjjheroes.com/?p=11789
10509,Mathias,Luna,,Checkmat,https://www.bjjheroes.com/?p=10509
11874,Matt,Thornton,,SBG,https://www.bjjheroes.com/?p=11874
1858,Matt,Serra,,Renzo Gracie,https://www.bjjheroes.com/?p=1858
10094,Mauricio,Antunes,,Checkmat,https://www.bjjheroes.com/?p=10094
1185,Mauricio,Gomes,,,https://www.bjjheroes.com/?p=1185
931,Mauricio,Mariano,Tinguinha,,https://www.bjjheroes.com/?p=931
8996,Mauricio,Oliveira Neto,,GF Team,https://www.bjjheroes.com/?p=8996
960,Mauro,Chueng,,Rio Grappling Club,https://www.bjjheroes.com/?p=960
9106,Mauro,Pacifico,,Equipe Bushido,https://www.bjjheroes.com/?p=9106
11926,Mayara,Custodio,,Checkmat,https://www.bjjheroes.com/?p=11926
8218,Mayko,Araujo,,Checkmat,https://www.bjjheroes.com/?p=8218
9271,Mayssa,Bastos,,GF Team,https://www.bjjheroes.com/?p=9271
8308,Max,Lindblad,,Checkmat,https://www.bjjheroes.com/?p=8308
8714,Maximiliano,Carvalho,,ZR Team,https://www.bjjheroes.com/?p=8714
13804,Maximilian,Hanson,,Adamas,https://www.bjjheroes.com/?p=13804
872,Maximiliano,Trombini,,Cia Paulista,https://www.bjjheroes.com/?p=872
11620,Maxine,Thylin,,,https://www.bjjheroes.com/?p=11620
10088,Melqui,Galvao,,Escola Melqui Galvão,https://www.bjjheroes.com/?p=10088
10451,Melissa,Cueto,,,https://www.bjjheroes.com/?p=10451
11423,Meyram,Maquine,,Guigo JJ,https://www.bjjheroes.com/?p=11423
12122,Micael,Galvao,,Escola Melqui Galvão,https://www.bjjheroes.com/?p=12122
122,Michael,Langhi,,Alliance,https://www.bjjheroes.com/?p=122
8427,Michael,Perez,Mike,Atos,https://www.bjjheroes.com/?p=8427
9253,Michael,Trasso,,Gracie Humaita,https://www.bjjheroes.com/?p=9253
12455,Michael,Zenga,,,https://www.bjjheroes.com/?p=12455
1747,Michel,Langhi,,Alliance,https://www.bjjheroes.com/?p=1747
823,Michelle,Nicolini,,Checkmat,https://www.bjjheroes.com/?p=823
1583,Mike,Fowler,,,https://www.bjjheroes.com/?p=1583
7917,Milton,Bastos,,Ares JJ,https://www.bjjheroes.com/?p=7917
2231,Milton,Regis,,Kioto,https://www.bjjheroes.com/?p=2231
1882,Mitsuyoshi,Hayakawa,,Tri Force,https://www.bjjheroes.com/?p=1882
8444,Moacir,Mendes Junior,,Alliance,https://www.bjjheroes.com/?p=8444
1005,Moises,Murad,,Lotus,https://www.bjjheroes.com/?p=1005
2206,Monica Vanessa,Silva,,2 Brothers,https://www.bjjheroes.com/?p=2206
7903,Monique,Ricardo,,Checkmat,https://www.bjjheroes.com/?p=7903
3416,Monir,Salomao,,,https://www.bjjheroes.com/?p=3416
13594,Morgan,Black,,Tabula Rasa JJ,https://www.bjjheroes.com/?p=13594
9486,Murilo,Amaral,,Alliance,https://www.bjjheroes.com/?p=9486
627,Murilo,Bustamante,,Brazilian Top Team,https://www.bjjheroes.com/?p=627
484,Murilo,Santana,,Unity,https://www.bjjheroes.com/?p=484
702,Muzio,de Angelis,,Brasa,https://www.bjjheroes.com/?p=702
11245,Nabil,Aziz,,Nabil JJ,https://www.bjjheroes.com/?p=11245
11986,Natasha,Quiza,,Fight Sports,https://www.bjjheroes.com/?p=11986
9227,Nathalie,Ribeiro,,Checkmat,https://www.bjjheroes.com/?p=9227
10216,Natan,Chueng,,,https://www.bjjheroes.com/?p=10216
13475,Nathan,Caroll,,Valor Martial Arts,https://www.bjjheroes.com/?p=13475
8081,Nathan,Mendelsohn,,,https://www.bjjheroes.com/?p=8081
12729,Nathannael,Fernandes,,Escola Melqui Galvão,https://www.bjjheroes.com/?p=12729
2602,Nahum,Rabay,,,https://www.bjjheroes.com/?p=2602
2247,Nelson,Monteiro,,,https://www.bjjheroes.com/?p=2247
7914,Nicholas,Calvanese,Nick,TAC Team / BJJ United,https://www.bjjheroes.com/?p=7914
7507,Nicholas,Meregali,,New Wave,https://www.bjjheroes.com/?p=7507
13463,Nicholas,Maglicic,Nico,Atos,https://www.bjjheroes.com/?p=13463
2297,Nicolas,Gregoriades,,JJ Brotherhood,https://www.bjjheroes.com/?p=2297
9823,Nicole,Sullivan,Nikki,Atos,https://www.bjjheroes.com/?p=9823
12110,Nick,Rodriguez,Nicky Rod,B Team,https://www.bjjheroes.com/?p=12110
12102,Nick,Salles,,Movement Art,https://www.bjjheroes.com/?p=12102
7922,Nick,Schrock,,Gracie Humaita,https://www.bjjheroes.com/?p=7922
11735,Nicky,Ryan,,Renzo Gracie Academy,https://www.bjjheroes.com/?p=11735
13560,Nikki,Lloyd-Griffiths,,Immersion MMA,https://www.bjjheroes.com/?p=13560
10468,Nisar,Loynab,,Atos,https://www.bjjheroes.com/?p=10468
1604,Nivaldo,Oliveira,Nil,Checkmat,https://www.bjjheroes.com/?p=1604
8585,Nivia,Moura,Nina,Gracie Gym,https://www.bjjheroes.com/?p=8585
9502,Nobuhiro,Sawada,,Tri-Force,https://www.bjjheroes.com/?p=9502
13737,Nolan,Stuart,,Brea JJ,https://www.bjjheroes.com/?p=13737
10172,Nuno,Martins,,,https://www.bjjheroes.com/?p=10172
8278,Nyjah,Rollins,,Team Lloyd Irvin,https://www.bjjheroes.com/?p=8278
579,Octavio,Couto,Ratinho,Brasa,https://www.bjjheroes.com/?p=579
11340,Odsuren,Bold-Erdene,,,https://www.bjjheroes.com/?p=11340
2216,Octavio,de Almeida,,,https://www.bjjheroes.com/?p=2216
11615,Olavo,Abreu,,PTT,https://www.bjjheroes.com/?p=11615
256,Oliver,Geddes,Oli,Roger Gracie,https://www.bjjheroes.com/?p=256
11707,Oliver,Taza,,New Wave,https://www.bjjheroes.com/?p=11707
831,Omar,Salum,,,https://www.bjjheroes.com/?p=831
1071,Otavio,Almeida,Peixotinho,Carlson Gracie,https://www.bjjheroes.com/?p=1071
2107,Otavio,Sousa,,Gracie Barra,https://www.bjjheroes.com/?p=2107
2452,Orlando,Sanchez,,Gracie Barra,https://www.bjjheroes.com/?p=2452
12615,Osamah,Almarwai,,Atos,https://www.bjjheroes.com/?p=12615
524,Osvaldo,Alves,,,https://www.bjjheroes.com/?p=524
527,Oswaldo,Fadda,,,https://www.bjjheroes.com/?p=527
1405,Oswaldo,Gracie,,Gracie JJ,https://www.bjjheroes.com/?p=1405
532,Oswaldo,da Rosa,Paquetá,Carlson Gracie,https://www.bjjheroes.com/?p=532
1259,Patricia,Lage,,Barbosa,https://www.bjjheroes.com/?p=1259
8658,Patrick,Bittan,,,https://www.bjjheroes.com/?p=8658
11015,Pablo,Lavaselli,,,https://www.bjjheroes.com/?p=11015
8069,Pablo,Mantovani,,Atos,https://www.bjjheroes.com/?p=8069
919,Pablo,Popovitch,,,https://www.bjjheroes.com/?p=919
938,Pablo,Silva,,Gracie Barra,https://www.bjjheroes.com/?p=938
9717,Pamela,Boveda Aguirre,,Nova Uniao,https://www.bjjheroes.com/?p=9717
9646,Paul,Barch,PJ,10th Planet,https://www.bjjheroes.com/?p=9646
9344,Paul,Schreiner,,Alliance,https://www.bjjheroes.com/?p=9344
1870,Paulo,Filho,,,https://www.bjjheroes.com/?p=1870
1743,Paulo,Gazze Junior,,Cia Paulista,https://www.bjjheroes.com/?p=1743
3016,Paulo,Mauricio Strauch,,Strauch Jiu Jitsu,https://www.bjjheroes.com/?p=3016
10220,Paulo,Gabriel Martins,,Gracie Humaita,https://www.bjjheroes.com/?p=10220
2999,Paulo,Miyao,,PSLPB,https://www.bjjheroes.com/?p=2999
11862,Pedro,Alex,Bombom,GF Team,https://www.bjjheroes.com/?p=11862
12277,Pedro,Agrizzi,,Striker JJ,https://www.bjjheroes.com/?p=12277
10263,Pedro,Crixel,,PSLPB,https://www.bjjheroes.com/?p=10263
8305,Pedro,Dias,,CTA,https://www.bjjheroes.com/?p=8305
9741,Pedro,Elias,Chupeta,,https://www.bjjheroes.com/?p=9741
1980,Pedro,Hemeterio,Homem Quiabo,Gracie JJ,https://www.bjjheroes.com/?p=1980
13339,Pedro,Lucas,,,https://www.bjjheroes.com/?p=13339
12537,Pedro,Machado,,Gordo JJ / R1ng,https://www.bjjheroes.com/?p=12537
12287,Pedro,Maia,,,https://www.bjjheroes.com/?p=12287
11991,Pedro,Marinho,,Gracie Barra,https://www.bjjheroes.com/?p=11991
7760,Pedro,Mello,,Atos,https://www.bjjheroes.com/?p=7760
1087,Pedro,Pacheco Fernandes,,Tu Kaha JJ,https://www.bjjheroes.com/?p=1087
8448,Pedro,Ramalho,Paquito,Focus JJ,https://www.bjjheroes.com/?p=8448
11027,Pedro,Rocha,,Double Five,https://www.bjjheroes.com/?p=11027
1034,Pedro,Sauer,,,https://www.bjjheroes.com/?p=1034
10928,Pedro,Serrano,,Gracie Barra,https://www.bjjheroes.com/?p=10928
13422,Pedro,Silva,Bolo,Dream Art,https://www.bjjheroes.com/?p=13422
11044,Pedro,Veras,,PSLPB,https://www.bjjheroes.com/?p=11044
1050,Penny,Thomas,,Gracie Humaita,https://www.bjjheroes.com/?p=1050
1316,Peter,Letsos,,,https://www.bjjheroes.com/?p=1316
9959,Perttu,Tepponen,,Hilti BJJ,https://www.bjjheroes.com/?p=9959
7847,Philippe,Balmant,Philzinho,Alliance,https://www.bjjheroes.com/?p=7847
10399,Philippe,Pomaski,,,https://www.bjjheroes.com/?p=10399
8241,Radoslaw,Turek,Radek,Berserkers Warsaw BJJ,https://www.bjjheroes.com/?p=8241
921,Rafael,Barbosa,Formiga,Double Five,https://www.bjjheroes.com/?p=921
4747,Rafael,Barros,Fofitio,,https://www.bjjheroes.com/?p=4747
2453,Rafael,Correa,Gordinho,Gordo JJ,https://www.bjjheroes.com/?p=2453
1753,Rafael,Freitas,Barata,Gracie Barra,https://www.bjjheroes.com/?p=1753
1577,Rafael,Heck,,Checkmat,https://www.bjjheroes.com/?p=1577
6599,Rafael,Mansur,,,https://www.bjjheroes.com/?p=6599
179,Rafael,Mendes,,AOJ,https://www.bjjheroes.com/?p=179
194,Rafael,Dallinha,,BJJ Revolution,https://www.bjjheroes.com/?p=194
460,Rafael,dos Anjos,,,https://www.bjjheroes.com/?p=460
12048,Rafael,dos Anjos Torres,,Alliance,https://www.bjjheroes.com/?p=12048
576,Rafael,Lovato Jr,,Lovato Jr. / Ribeiro JJ,https://www.bjjheroes.com/?p=576
10174,Rafael,Paganini,,Alliance,https://www.bjjheroes.com/?p=10174
8634,Rafael,Vasconcelos de Lima,,Atos,https://www.bjjheroes.com/?p=8634
11656,Rafaela,Guedes,,Atos,https://www.bjjheroes.com/?p=11656
1781,Ralph,Gracie,,,https://www.bjjheroes.com/?p=1781
8407,Raquel,Paaluhi Canuto,,Zenith JJ,https://www.bjjheroes.com/?p=8407
640,Ramon,Lemos,,Atos,https://www.bjjheroes.com/?p=640
177,Rany,Yahya,,Athaide JJ,https://www.bjjheroes.com/?p=177
813,Raphael,Abi-Rihan,,,https://www.bjjheroes.com/?p=813
7539,Renato,Forasieppi Canuto,,Zenith JJ,https://www.bjjheroes.com/?p=7539
548,Renato,Migliaccio,,,https://www.bjjheroes.com/?p=548
991,Raphael,Chaves,Catatau,,https://www.bjjheroes.com/?p=991
1545,Raoni,Barcelos,,Laerte Barcelos,https://www.bjjheroes.com/?p=1545
8213,Raul,Gomes,,Gracie Humaita,https://www.bjjheroes.com/?p=8213
11534,Raul,Basilio,,Almeida JJ,https://www.bjjheroes.com/?p=11534
13875,Rawana,Silva,,Dream Art,https://www.bjjheroes.com/?p=13875
13480,Rayron,Gracie,,RGA,https://www.bjjheroes.com/?p=13480
1627,Reginaldo,Gurgel Almeida,,SAS,https://www.bjjheroes.com/?p=1627
1149,Reinaldo,Ribeiro,,,https://www.bjjheroes.com/?p=1149
1957,Relson,Gracie,Campeao,,https://www.bjjheroes.com/?p=1957
1778,Renan,Pegado,Barao,Nova Uniao,https://www.bjjheroes.com/?p=1778
12641,Renan,Cruz,,R1NG,https://www.bjjheroes.com/?p=12641
8779,Renata,Marinho,,Alliance,https://www.bjjheroes.com/?p=8779
1372,Renato,Barreto,,Gracie Humaita,https://www.bjjheroes.com/?p=1372
2235,Renato,Cardoso,Coco,Checkmat,https://www.bjjheroes.com/?p=2235
548,Renato,Migliaccio,,,https://www.bjjheroes.com/?p=548
588,Renato,Tavares,,,https://www.bjjheroes.com/?p=588
52,Renzo,Gracie,,Renzo Gracie,https://www.bjjheroes.com/?p=52
2003,Reyson,Gracie,,,https://www.bjjheroes.com/?p=2003
331,Ricardo,Abreu,Demente,Nova Uniao,https://www.bjjheroes.com/?p=331
278,Ricardo,Almeida,Cachorrao,Renzo Gracie,https://www.bjjheroes.com/?p=278
93,Ricardo,Arona,,Brazilian Top Team,https://www.bjjheroes.com/?p=93
1325,Ricardo,Cavalcanti,,,https://www.bjjheroes.com/?p=1325
361,Ricardo,De La Riva,,de la Riva,https://www.bjjheroes.com/?p=361
2340,Ricardo,Diogo,Rey,Carlson Gracie,https://www.bjjheroes.com/?p=2340
1534,Ricardo,Evangelista,Jegue,GF Team,https://www.bjjheroes.com/?p=1534
8202,Ricardo,Feliciano,Pantcho,Checkmat,https://www.bjjheroes.com/?p=8202
591,Ricardo,Liborio,,American Top Team,https://www.bjjheroes.com/?p=591
8409,Ricardo,Marques,,Brazilian Top Team,https://www.bjjheroes.com/?p=8409
630,Ricardo,Miller,Franjinha,Paragon,https://www.bjjheroes.com/?p=630
13840,Ricardo,Soranco,,BTT,https://www.bjjheroes.com/?p=13840
338,Ricardo,Vieira,"Rico, Ricardinho",Checkmat,https://www.bjjheroes.com/?p=338
9094,Richar,Nogueira,,PSLPB,https://www.bjjheroes.com/?p=9094
10357,Richard,Alarcon,Red,,https://www.bjjheroes.com/?p=10357
806,Richard,Martin,Dickie,Carlson Gracie,https://www.bjjheroes.com/?p=806
67,Rickson,Gracie,,,https://www.bjjheroes.com/?p=67
9559,Rida,Haisam,,Carpe Diem,https://www.bjjheroes.com/?p=9559
11064,Rider,Zuchi,,,https://www.bjjheroes.com/?p=11064
1817,Rigan,Machado,,Machado JJ,https://www.bjjheroes.com/?p=1817
5761,Rikako,Yuasa,Lady Sasa,Paraestra,https://www.bjjheroes.com/?p=5761
1488,Rilion,Gracie,,,https://www.bjjheroes.com/?p=1488
12254,Robert,Diggle,Degle,,https://www.bjjheroes.com/?p=12254
378,Robert,Drysdale,,,https://www.bjjheroes.com/?p=378
926,Roberto,Alencar,Tussa,Gracie Barra,https://www.bjjheroes.com/?p=926
224,Roberto,Abreu,Cyborg,Fight Sports,https://www.bjjheroes.com/?p=224
535,Roberto,Atalla,,Rio Grappling Club,https://www.bjjheroes.com/?p=535
553,Roberto,Correa,Gordo,Gordo JJ,https://www.bjjheroes.com/?p=553
601,Roberto,Godoi,,,https://www.bjjheroes.com/?p=601
10880,Roberto,Jimenez,,Studio 76,https://www.bjjheroes.com/?p=10880
2529,Roberto,Lage,,,https://www.bjjheroes.com/?p=2529
550,Roberto,Magalhaes,Roleta,,https://www.bjjheroes.com/?p=550
1824,Roberto,Satoshi,,Bonsai,https://www.bjjheroes.com/?p=1824
384,Roberto,Tozi,,,https://www.bjjheroes.com/?p=384
1204,Roberto,Traven,,,https://www.bjjheroes.com/?p=1204
3394,Robson,Gracie,,,https://www.bjjheroes.com/?p=3394
11281,Robson,Lima,Mau Mau,,https://www.bjjheroes.com/?p=11281
195,Robson,Moura,Robinho,Nova Uniao,https://www.bjjheroes.com/?p=195
3226,Rockson,Gracie,,,https://www.bjjheroes.com/?p=3226
1065,Rodney,Ellis,,Nova Uniao,https://www.bjjheroes.com/?p=1065
247,Rodolfo,Vieira,Black Belt Hunter,GF Team,https://www.bjjheroes.com/?p=247
2355,Rodolphe,Olivier,,Gokudo,https://www.bjjheroes.com/?p=2355
2048,Rodrigo,Antunes,,,https://www.bjjheroes.com/?p=2048
1207,Rodrigo,Cabral,Brucutu,,https://www.bjjheroes.com/?p=1207
8696,Rodrigo,Carvalho,,Gracie Barra,https://www.bjjheroes.com/?p=8696
543,Rodrigo,Cavaca,,Zenith BJJ,https://www.bjjheroes.com/?p=543
3206,Rodrigo,Conceicao,"Aquiles, Akilis",Alliance,https://www.bjjheroes.com/?p=3206
631,Rodrigo,Caporal,,,https://www.bjjheroes.com/?p=631
1895,Rodrigo,Fajardo,Pimpolho,Gracie Barra,https://www.bjjheroes.com/?p=1895
12376,Rodrigo,Francioni,,Fight Sports,https://www.bjjheroes.com/?p=12376
10579,Rodrigo,Gracie,,,https://www.bjjheroes.com/?p=10579
12566,Rodrigo,Lopes,Tatu,,https://www.bjjheroes.com/?p=12566
559,Rodrigo,Medeiros,Comprido,Brasa,https://www.bjjheroes.com/?p=559
647,Rodrigo,Medeiros,,BJJ Revolution,https://www.bjjheroes.com/?p=647
9720,Rodrigo,Munduruca,,,https://www.bjjheroes.com/?p=9720
1440,Rodrigo,Ranieri,,,https://www.bjjheroes.com/?p=1440
8762,Rodrigo,Ribeiro,,G13,https://www.bjjheroes.com/?p=8762
10321,Rodrigo,Siqueira,,Alliance,https://www.bjjheroes.com/?p=10321
12251,Roiner,Lima,,Gracie Barra,https://www.bjjheroes.com/?p=12251
1297,Roger,Coelho,,,https://www.bjjheroes.com/?p=1297
505,Roger,Gracie,,Roger Gracie JJ,https://www.bjjheroes.com/?p=505
1942,Rogerio,Poggio,,Infight,https://www.bjjheroes.com/?p=1942
214,Rogerio,Taborda,,,https://www.bjjheroes.com/?p=214
8261,Rolando,Samson,,Atos,https://www.bjjheroes.com/?p=8261
1445,Rolker,Gracie,,Gracie Humaita,https://www.bjjheroes.com/?p=1445
27,Rolls,Gracie,,,https://www.bjjheroes.com/?p=27
70,Rolles,Gracie,,,https://www.bjjheroes.com/?p=70
355,Romero,Cavalcanti,Jacare,Alliance,https://www.bjjheroes.com/?p=355
7579,Romulo,Azevedo,Caju,Welton Ribeiro JJ,https://www.bjjheroes.com/?p=7579
320,Romulo,Barral,,Gracie Barra,https://www.bjjheroes.com/?p=320
10162,Ronaldo,Junior,,Atos,https://www.bjjheroes.com/?p=10162
117,Ronaldo,Souza,Jacare,,https://www.bjjheroes.com/?p=117
11499,Roosevelt,Sousa,,,https://www.bjjheroes.com/?p=11499
13158,Rose,El Sharouni,,Checkmat,https://www.bjjheroes.com/?p=13158
9261,Ross,Nicholls,,Roger Gracie Academy,https://www.bjjheroes.com/?p=9261
431,Rousimar,Palhares,"Toquinho, Paul Harris",,https://www.bjjheroes.com/?p=431
743,Royce,Gracie,,,https://www.bjjheroes.com/?p=743
515,Royler,Gracie,,Gracie Humaita,https://www.bjjheroes.com/?p=515
12080,Ruan,Alvarenga,,Alliance / Pantera Negra,https://www.bjjheroes.com/?p=12080
147,Rubens,Charles,Cobrinha,Alliance,https://www.bjjheroes.com/?p=147
8100,Rudson,Mateus,,Atos,https://www.bjjheroes.com/?p=8100
781,Rufino,Gomes,Morcego,Checkmat,https://www.bjjheroes.com/?p=781
13099,Rui,Alves Neto,,Dream Art,https://www.bjjheroes.com/?p=13099
725,Ryan,Hall,,50/50,https://www.bjjheroes.com/?p=725
2378,Ryan,Beauregard,,,https://www.bjjheroes.com/?p=2378
1232,Ryan,Murphy,,Crosley Gracie,https://www.bjjheroes.com/?p=1232
1644,Ryo,Ominami,,Gracie Barra,https://www.bjjheroes.com/?p=1644
2252,Ryron,Gracie,,Gracie JJ,https://www.bjjheroes.com/?p=2252
13822,Sabrina,Gondim,,,https://www.bjjheroes.com/?p=13822
11271,Saeed,Dunkaev,,Checkmat,https://www.bjjheroes.com/?p=11271
1710,Salvatore,Pace,,Gracie Barra,https://www.bjjheroes.com/?p=1710
12751,Sam,McNally,,,https://www.bjjheroes.com/?p=12751
8192,Samantha,Cook,,Checkmat,https://www.bjjheroes.com/?p=8192
1436,Samir,Chantre,,CTBJJA,https://www.bjjheroes.com/?p=1436
1761,Samuel,Braga,,Gracie Barra,https://www.bjjheroes.com/?p=1761
11510,Samuel,Nagai,,Checkmat,https://www.bjjheroes.com/?p=11510
1904,Samy,Al Jamal,,,https://www.bjjheroes.com/?p=1904
11111,Santeri,Lilius,,LiliusBarnatt MMA,https://www.bjjheroes.com/?p=11111
481,Saulo,Ribeiro,,Ribeiro JJ,https://www.bjjheroes.com/?p=481
13913,Scott,Kaplan,,,https://www.bjjheroes.com/?p=13913
12617,Sean,Roberts,,Sektor BJJ,https://www.bjjheroes.com/?p=12617
9515,Seif-Eddine,Houmine,,,https://www.bjjheroes.com/?p=9515
7695,Sebastian,Brosche,,Frontline,https://www.bjjheroes.com/?p=7695
12215,Sebastian,Rodriguez,,Unity JJ,https://www.bjjheroes.com/?p=12215
12573,Sebastian,Serpa,,,https://www.bjjheroes.com/?p=12573
7768,Serena,Gabrielli,,Flow JJ,https://www.bjjheroes.com/?p=7768
7686,Sergio,Ardila-Ibarra,,American Top Team,https://www.bjjheroes.com/?p=7686
7582,Sergio,Benini,,Gracie Barra,https://www.bjjheroes.com/?p=7582
9697,Sergio,Calderon,,CFC Team,https://www.bjjheroes.com/?p=9697
3505,Sergio,Iris,Serginho de Niteroi,Carlson Gracie,https://www.bjjheroes.com/?p=3505
138,Sergio,Moraes,,Alliance,https://www.bjjheroes.com/?p=138
1312,Sergio,Gasparelli,Babu,,https://www.bjjheroes.com/?p=1312
677,Sergio,Penha,,,https://www.bjjheroes.com/?p=677
9637,Sergio,Rios,Pichilinga,99 Jiu-Jitsu / Academia Dojô,https://www.bjjheroes.com/?p=9637
895,Sergio,Souza,Bolao,,https://www.bjjheroes.com/?p=895
4268,Sergio,Zimmerman,Canuto,Pound for Pound,https://www.bjjheroes.com/?p=4268
8528,Servio,Tulio,,Gracie Barra,https://www.bjjheroes.com/?p=8528
1301,Shane,Rice,,,https://www.bjjheroes.com/?p=1301
3186,Shanti,Abelha,,Checkmat,https://www.bjjheroes.com/?p=3186
793,Shawn,Williams,,,https://www.bjjheroes.com/?p=793
13427,Shelby,Murphey,,AOJ,https://www.bjjheroes.com/?p=13427
13193,Sheliah,Lindsey,,Magness BJJ,https://www.bjjheroes.com/?p=13193
718,Silvana,Abreu,,,https://www.bjjheroes.com/?p=718
9064,Silvio,Duran,,Vitor Shaolin BJJ,https://www.bjjheroes.com/?p=9064
1508,Sim,Go,,Cobra Kai,https://www.bjjheroes.com/?p=1508
13453,Shay,Montague,,,https://www.bjjheroes.com/?p=13453
1319,Shinya,Aoki,,,https://www.bjjheroes.com/?p=1319
9893,Stefano,Correa,,AOA,https://www.bjjheroes.com/?p=9893
13138,Steffen,Banta,,Alliance,https://www.bjjheroes.com/?p=13138
1631,Sylvio,Behring,,,https://www.bjjheroes.com/?p=1631
11454,Sofia,Amarante,,Fight Sports,https://www.bjjheroes.com/?p=11454
11471,Tacio,Carneiro,,,https://www.bjjheroes.com/?p=11471
12644,Tadiyah,Danforth,,Alliance,https://www.bjjheroes.com/?p=12644
11697,Tainan,Dalpra,,AOJ,https://www.bjjheroes.com/?p=11697
9762,Talia,Marie Vaughn,,Gracie Humaita,https://www.bjjheroes.com/?p=9762
1430,Talita,Nogueira,Treta,Ryan Gracie,https://www.bjjheroes.com/?p=1430
3607,Tammi,Musumeci,,,https://www.bjjheroes.com/?p=3607
12654,Tarik,Hopstock,,Frontline,https://www.bjjheroes.com/?p=12654
11975,Tracey,Goodell,,,https://www.bjjheroes.com/?p=11975
1290,Tarcisio,Jardim,,Checkmat,https://www.bjjheroes.com/?p=1290
477,Tarsis,Humpreys,,Alliance,https://www.bjjheroes.com/?p=477
13220,Thais,Loureiro,,,https://www.bjjheroes.com/?p=13220
8718,Thais,Ramos,,,https://www.bjjheroes.com/?p=8718
12845,Thalyta,Silva,Thata,Vision,https://www.bjjheroes.com/?p=12845
10099,Thalison,Soares,,,https://www.bjjheroes.com/?p=10099
10100,Thamara,Ferreira,,,https://www.bjjheroes.com/?p=10100
12542,Thamires,Monteiro,Tami,Checkmat,https://www.bjjheroes.com/?p=12542
13937,Tamires,Silva,,,https://www.bjjheroes.com/?p=13937
1178,Theodoro,Canal,,GF Team,https://www.bjjheroes.com/?p=1178
11338,Thiago,Abud,,Unity JJ,https://www.bjjheroes.com/?p=11338
8819,Thiago,Barreto,,Commando Group,https://www.bjjheroes.com/?p=8819
537,Thiago,Borges,Monstro,,https://www.bjjheroes.com/?p=537
2181,Thiago,Fernandes,,Nova Uniao,https://www.bjjheroes.com/?p=2181
1727,Thiago,Leiras,,Brazil 021,https://www.bjjheroes.com/?p=1727
8632,Thiago,Macedo,,RPBJJ,https://www.bjjheroes.com/?p=8632
1555,Thiago,Rogerio,,Brazil 021,https://www.bjjheroes.com/?p=1555
2434,Thibaut,Olivier,,Gokudo,https://www.bjjheroes.com/?p=2434
1055,Tiago,Alves,,Barbosa,https://www.bjjheroes.com/?p=1055
7865,Tiago,Rocha,,Alliance,https://www.bjjheroes.com/?p=7865
4145,Thiago,Sa Fortes,,Checkmat,https://www.bjjheroes.com/?p=4145
8866,Thomas,Halpin,Tom,Fight Sports,https://www.bjjheroes.com/?p=8866
8874,Thomas,Lisboa,,Alliance,https://www.bjjheroes.com/?p=8874
12057,Todd,Margolis,,Potomac MMA,https://www.bjjheroes.com/?p=12057
3458,Totila,Jordan,Pitoco,,https://www.bjjheroes.com/?p=3458
8105,Tommy,Langaker,,Nova Uniao,https://www.bjjheroes.com/?p=8105
1994,Travis,Lutter,,,https://www.bjjheroes.com/?p=1994
10903,Travis,Stevens,,,https://www.bjjheroes.com/?p=10903
12003,Tye,Ruotolo,,Atos,https://www.bjjheroes.com/?p=12003
12671,Uanderson,Ferreira,,,https://www.bjjheroes.com/?p=12671
1491,Ulpiano,Malachias,,Gracie Barra,https://www.bjjheroes.com/?p=1491
8394,Vagner,Rocha,Ceara,VRMMA,https://www.bjjheroes.com/?p=8394
10501,Valdir,Araujo Junior,"BB Monster, BB Monstro",,https://www.bjjheroes.com/?p=10501
1851,Valmyr,Neto,,,https://www.bjjheroes.com/?p=1851
9083,Vanessa,English,,Gracie Barra,https://www.bjjheroes.com/?p=9083
11909,Vanessa,Griffin,,Team Lloyd Irvin,https://www.bjjheroes.com/?p=11909
2073,Vanessa,Oliveira,,GF Team,https://www.bjjheroes.com/?p=2073
10210,Vedha,Toscano,,Team Fabio Clemente,https://www.bjjheroes.com/?p=10210
7732,Vicente,Junior,,BJJ Conquest,https://www.bjjheroes.com/?p=7732
1945,Victor,Costa,,,https://www.bjjheroes.com/?p=1945
1617,Victor,Estima,,Gracie Barra,https://www.bjjheroes.com/?p=1617
10159,Victor,Hugo,,Ribeiro JJ,https://www.bjjheroes.com/?p=10159
3110,Victor,Genovesi,,Alliance,https://www.bjjheroes.com/?p=3110
11754,Victor,Nithael,,Nova Uniao,https://www.bjjheroes.com/?p=11754
8090,Vincent,Nguyen,,ONE JJ,https://www.bjjheroes.com/?p=8090
730,Vinicius,Aieta,,Gracie Humaita,https://www.bjjheroes.com/?p=730
12298,Vinicius,Coelho,Villem,Gracie Barra,https://www.bjjheroes.com/?p=12298
1275,Vinicius,Corrales,,Gracie Humaita,https://www.bjjheroes.com/?p=1275
9180,Vinicius,Ferreira,Trator,Alliance,https://www.bjjheroes.com/?p=9180
13190,Vinicius,Lessa,,Calasans Camargo,https://www.bjjheroes.com/?p=13190
13417,Vinicius,Liberati,,Fratres,https://www.bjjheroes.com/?p=13417
374,Vinicius,Magalhaes,Draculino,Gracie Barra,https://www.bjjheroes.com/?p=374
733,Vinicius,Magalhaes,"Vinny, Pesao",,https://www.bjjheroes.com/?p=733
1600,Vinicius,Marinho,,GF Team,https://www.bjjheroes.com/?p=1600
13450,Vinicius,Martins,Chambourcy,Alliance,https://www.bjjheroes.com/?p=13450
9173,Vinicius,Pedrosa,,GF Team,https://www.bjjheroes.com/?p=9173
9956,Vinicius,Pereira,,Cassão Team,https://www.bjjheroes.com/?p=9956
4235,Victor,Silverio,,GF Team,https://www.bjjheroes.com/?p=4235
81,Vitor,Ribeiro,Shaolin,Nova Uniao,https://www.bjjheroes.com/?p=81
2035,Vitor,Henrique,,GF Team,https://www.bjjheroes.com/?p=2035
1986,Vitor,Toledo,Gigante,,https://www.bjjheroes.com/?p=1986
12594,Vitoria,Vieira,,GF Team,https://www.bjjheroes.com/?p=12594
272,Wagner,Campos,Galeto,,https://www.bjjheroes.com/?p=272
2175,Wagnney,Fabiano,,Nova Uniao,https://www.bjjheroes.com/?p=2175
11709,Wallace,Costa,,GF Team,https://www.bjjheroes.com/?p=11709
25,Waldemar,Santana,,,https://www.bjjheroes.com/?p=25
1097,Waldomiro,Perez,,Cia Paulista,https://www.bjjheroes.com/?p=1097
11572,Waldir,Filho,,BTT,https://www.bjjheroes.com/?p=11572
508,Walid,Ismail,,Carlson Gracie,https://www.bjjheroes.com/?p=508
11632,Washington,Luis Lima,,,https://www.bjjheroes.com/?p=11632
1891,Walter,Mattos,,,https://www.bjjheroes.com/?p=1891
8842,Wanki,Chae,,John Frankl Jiu-Jitsu,https://www.bjjheroes.com/?p=8842
13209,Welerson,Goncalves,,,https://www.bjjheroes.com/?p=13209
613,Wellington,Dias,Megaton,Gracie Humaita,https://www.bjjheroes.com/?p=613
634,Wendell,Alexander,,Nova Uniao,https://www.bjjheroes.com/?p=634
2517,Wilson,Mattos,,,https://www.bjjheroes.com/?p=2517
11559,William,Abreu,,Black House,https://www.bjjheroes.com/?p=11559
11771,William,Tackett,,Brazilian Fight Factory / Checkmat,https://www.bjjheroes.com/?p=11771
11794,Willis,Nunes,Pipoca,Checkmat,https://www.bjjheroes.com/?p=11794
11293,Wilson,Moreira Costa,,PSLPB,https://www.bjjheroes.com/?p=11293
8119,Xiong,Yuxing,Emma,,https://www.bjjheroes.com/?p=8119
8783,Yacinta,Nguyen,,Toronto BJJ,https://www.bjjheroes.com/?p=8783
5347,Yago,de Souza,,,https://www.bjjheroes.com/?p=5347
12055,Yatan,Bueno,,,https://www.bjjheroes.com/?p=12055
10897,Yara,Soares,,,https://www.bjjheroes.com/?p=10897
13871,Yigit,Hanay,,,https://www.bjjheroes.com/?p=13871
9121,Ygor,Rodrigues,,Equipe Marcio Rodrigues,https://www.bjjheroes.com/?p=9121
13389,Youngseung,Cho,,,https://www.bjjheroes.com/?p=13389
8536,Yuta,Shimada,,Nexusense,https://www.bjjheroes.com/?p=8536
996,Yuki,Nakai,,Paraestra,https://www.bjjheroes.com/?p=996
3348,Yukinori,Sasa,,Paraestra,https://www.bjjheroes.com/?p=3348
11212,Yuri,Hendrex,,PSLPB,https://www.bjjheroes.com/?p=11212
1740,Yuri,Simoes,Novinho,CTA,https://www.bjjheroes.com/?p=1740
1122,Yusuke,Honma,,Paraestra,https://www.bjjheroes.com/?p=1122
3569,Yvone,Duarte,,,https://www.bjjheroes.com/?p=3569
12227,Zach,Maslany,,,https://www.bjjheroes.com/?p=12227
13341,Zach,Kaina,,AOJ,https://www.bjjheroes.com/?p=13341
1137,Zak,Maxwell,,Gracie Humaita,https://www.bjjheroes.com/?p=1137
12968,Zayed,Alkatheeri,,,https://www.bjjheroes.com/?p=12968
4230,Shimon,Mochizuki,,Checkmat,https://www.bjjheroes.com/?p=4230
4310,Tim,Spriggs,,Lloyd Irvin,https://www.bjjheroes.com/?p=4310
4334,Andre,da Silva,Marola,Nova Uniao,https://www.bjjheroes.com/?p=4334
4381,Alain,Pozo,,Carlson Gracie,https://www.bjjheroes.com/?p=4381
4420,Jacob,McKee,Budo Jake,Gracie Barra,https://www.bjjheroes.com/?p=4420
4415,Jose,Higinio,,,https://www.bjjheroes.com/?p=4415
4437,Riccardo,Ammendolia,Baleia,,https://www.bjjheroes.com/?p=4437
4430,Patrick,Gaudio,,GF Team,https://www.bjjheroes.com/?p=4430
4460,Jaime,Canuto,,GF Team,https://www.bjjheroes.com/?p=4460
4465,Andris,Brunovskis,,Atos,https://www.bjjheroes.com/?p=4465
4481,Mauro,Ayres,,Nova Geracao,https://www.bjjheroes.com/?p=4481
4485,Paulo,Brandão,Coelho,,https://www.bjjheroes.com/?p=4485
4655,Michael,Liera Junior,,Atos,https://www.bjjheroes.com/?p=4655
4641,Fabio,Monteiro,Binho,Ass. Monteiro,https://www.bjjheroes.com/?p=4641
4521,Erberth,Santos,,Almeida JJ,https://www.bjjheroes.com/?p=4521
4687,Henry,Akins,,Dynamix MMA,https://www.bjjheroes.com/?p=4687
4676,Renato,Miragaia,,,https://www.bjjheroes.com/?p=4676
4943,Bruno,Fernandes,,Gracie Barra,https://www.bjjheroes.com/?p=4943
4912,Fernando,Gurgel,,Alliance,https://www.bjjheroes.com/?p=4912
7856,Fernando,Yamasaki,,Yamasaki JJ,https://www.bjjheroes.com/?p=7856
4687,Henry,Akins,,,https://www.bjjheroes.com/?p=4687
4717,Luis Carlos,Atalla,Luca,Gracie Barra,https://www.bjjheroes.com/?p=4717
4740,Marcelo,Mello,,,https://www.bjjheroes.com/?p=4740
4776,Marcelo,Alonso,,Carlson Gracie,https://www.bjjheroes.com/?p=4776
4859,Ricardo,Rezende,,Fight Sports,https://www.bjjheroes.com/?p=4859
4864,Alexandre,Dantas,Cafe,Gracie Barra,https://www.bjjheroes.com/?p=4864
4851,Kim,Terra,,,https://www.bjjheroes.com/?p=4851
4877,Sergio,Jardim,Malibu,,https://www.bjjheroes.com/?p=4877
4838,Monique,Elias,,Alliance,https://www.bjjheroes.com/?p=4838
4794,Roy,Harris,,,https://www.bjjheroes.com/?p=4794
4912,Fernando,Gurgel,Magrao,Alliance,https://www.bjjheroes.com/?p=4912
4943,Bruno,Fernandes,Molenga,Gracie Barra,https://www.bjjheroes.com/?p=4943
4960,Dimitrius,Souza,,Alliance,https://www.bjjheroes.com/?p=4960
4993,Rodrigo,Pagani,,Gracie Humaita,https://www.bjjheroes.com/?p=4993
5000,Givanildo,Santana,"Giva, The Arm Collector",Lotus,https://www.bjjheroes.com/?p=5000
4996,Geovanny,Martinez,"Geo, Freakazoid",10th Planet,https://www.bjjheroes.com/?p=4996
5016,Fabiano,Scherner,Pega Leve,Gracie Barra,https://www.bjjheroes.com/?p=5016
5020,Enson,Inoue,Yamato Damashii,Purebred,https://www.bjjheroes.com/?p=5020
5114,Joao Pedro,Rodrigues,Somalia,Checkmat,https://www.bjjheroes.com/?p=5114
5135,Carlos,Rosado,,Carlson Gracie,https://www.bjjheroes.com/?p=5135
5157,Vinicius,Cruz,Vinicinho,Carlson Gracie,https://www.bjjheroes.com/?p=5157
5162,Rosangela,Conceicao,Zanza,,https://www.bjjheroes.com/?p=5162
5206,Andre,Motta,Andrezinho,Nova Uniao,https://www.bjjheroes.com/?p=5206
5223,Carlos,Rollyson,,Carlson Gracie / Alliance,https://www.bjjheroes.com/?p=5223
5320,Antonio,Passos,Tony,Atos,https://www.bjjheroes.com/?p=5320
5324,Thomas,DeBlass,Tom,,https://www.bjjheroes.com/?p=5324
5365,Beneil,Dariush,,,https://www.bjjheroes.com/?p=5365
5391,Dean,Liebenberg,Cu Vermelho,Cia Paulista,https://www.bjjheroes.com/?p=5391
5410,Venla,Luukkonen,,Hilti BJJ,https://www.bjjheroes.com/?p=5410
5417,Guilherme,Augusto,,Alliance,https://www.bjjheroes.com/?p=5417
12084,Guilherme,Lambertucci,,Gracie Barra,https://www.bjjheroes.com/?p=12084
5414,Osvaldo,Moizinho,Queixinho,,https://www.bjjheroes.com/?p=5414
5447,Michael,Musumeci,Mikey,,https://www.bjjheroes.com/?p=5447
5453,Herbert,Burns,,,https://www.bjjheroes.com/?p=5453
5473,Ibrahim,Inal,,Checkmat,https://www.bjjheroes.com/?p=5473
5509,Victor,Honorio,,GF Team,https://www.bjjheroes.com/?p=5509
5523,Sebastian,Lalli,,Checkmat,https://www.bjjheroes.com/?p=5523
5636,Manuel,Ribamar,Riba,,https://www.bjjheroes.com/?p=5636
5617,Jamie,Cruz,,Renzo Gracie Academy,https://www.bjjheroes.com/?p=5617
5609,Marcio,Rodrigues,,Equipe Marcio Rodrigues,https://www.bjjheroes.com/?p=5609
5592,Alan,Marques,Gumby,Heroes Martial Arts/Ralph Gracie Academy,https://www.bjjheroes.com/?p=5592
13170,Emily,Fernandez,,LEAD,https://www.bjjheroes.com/?p=13170
5578,Emily,Kwok,,MGinAction/Princeton BJJ,https://www.bjjheroes.com/?p=5578
5549,Louis,Vintaloro,,Performance Jiu-Jitsu,https://www.bjjheroes.com/?p=5549
5751,Steve,Maxwell,,,https://www.bjjheroes.com/?p=5751
5747,Arthur,Sousa,AJ,AJSBJJ/ATT,https://www.bjjheroes.com/?p=5747
5715,Isaque,Paiva,Boia,Saikoo JJ,https://www.bjjheroes.com/?p=5715
5634,Joaquina,Bomfim,Jiu-quina,Gracie Barra,https://www.bjjheroes.com/?p=5634
5756,Wellington,Luis,Alemao,,https://www.bjjheroes.com/?p=5756
5909,Thiago,Abreu,Baiano,Checkmat,https://www.bjjheroes.com/?p=5909
5926,Thiago,Gaia,,Checkmat,https://www.bjjheroes.com/?p=5926
5930,Rodrigo,Freitas,,Freitas JJ,https://www.bjjheroes.com/?p=5930
5861,Jared,Dopp,,Lovato Jr. / Ribeiro JJ,https://www.bjjheroes.com/?p=5861
5842,Mahamed,Aly,,Team Lloyd Irvin,https://www.bjjheroes.com/?p=5842
5789,Jose Tiago,Barros,,PSLPB,https://www.bjjheroes.com/?p=5789
5793,Bruno,Paulista,Mamute,,https://www.bjjheroes.com/?p=5793
5785,Paulo,Guillobel,,Ribeiro JJ,https://www.bjjheroes.com/?p=5785
5814,Everdan,Olegario,Mestre Dan,Alliance,https://www.bjjheroes.com/?p=5814
5820,Andre,Glodzinski,,Cia Paulista,https://www.bjjheroes.com/?p=5820
5854,Deborah,Maxwell,DC,,https://www.bjjheroes.com/?p=5854
5858,Chris,Haueter,,Combat Base,https://www.bjjheroes.com/?p=5858
5869,Jorge,Pereira,,,https://www.bjjheroes.com/?p=5869
5873,Fabio,Nascimento,Negao,Lotus Clube,https://www.bjjheroes.com/?p=5873
5883,Felicia,Oh,,Machado JJ,https://www.bjjheroes.com/?p=5883
5900,Daniel,Wanderley,Cachorrao,Carlson Gracie,https://www.bjjheroes.com/?p=5900
5992,Wilson,Reis,,G13,https://www.bjjheroes.com/?p=5992
5998,Carlson,Gracie Junior,Carlsinho,Carlson Gracie,https://www.bjjheroes.com/?p=5998
6006,Paulo,Rezende,Paulao,Zenith BJJ,https://www.bjjheroes.com/?p=6006
6002,Vinicius,Amaral,,Game Fight,https://www.bjjheroes.com/?p=6002
6054,Adriano,Moraes,,Team Constrictor,https://www.bjjheroes.com/?p=6054
6033,Nic,Ruben Nikolaison,,Frontline,https://www.bjjheroes.com/?p=6033
6041,Reylson,Gracie,,,https://www.bjjheroes.com/?p=6041
6046,Ghazaleh,Parman,Gazzy,,https://www.bjjheroes.com/?p=6046
6060,Tomoyuki,Hashimoto,Passport,Carpe Diem,https://www.bjjheroes.com/?p=6060
6064,Steve,da Silva,Suga Pop,Nova Uniao,https://www.bjjheroes.com/?p=6064
6081,Ataide,Ludgero Junior,,Team Constrictor,https://www.bjjheroes.com/?p=6081
6084,Wander,Braga,,,https://www.bjjheroes.com/?p=6084
6095,Mansher,Khera,,Alliance,https://www.bjjheroes.com/?p=6095
6103,Isaac,Doederlein,,Alliance,https://www.bjjheroes.com/?p=6103
13518,Isaak,Michell,,,https://www.bjjheroes.com/?p=13518
6149,Karen,Antunes,,Checkmat,https://www.bjjheroes.com/?p=6149
6151,Hiago,George,,PSLPB Cicero Costha,https://www.bjjheroes.com/?p=6151
6156,Tanner,Rice,,Rice Brothers,https://www.bjjheroes.com/?p=6156
6158,Elan,Santiago,,Alliance,https://www.bjjheroes.com/?p=6158
6167,Ricco,Rodriguez,Suave,,https://www.bjjheroes.com/?p=6167
6170,Luigi,Mondelli,,ATT,https://www.bjjheroes.com/?p=6170
6176,Suyan,Queiroz,,,https://www.bjjheroes.com/?p=6176
6186,Aldo,Januario,Caveirinha,Caveirinha JJ Family,https://www.bjjheroes.com/?p=6186
6196,Djalma,Spindola,,Ribeiro JJ,https://www.bjjheroes.com/?p=6196
6203,Carlos,Barreto,Carlao,BTT,https://www.bjjheroes.com/?p=6203
6227,Alison,Trembley,,BTT,https://www.bjjheroes.com/?p=6227
6236,Sophia,McDermott Drysdale,,,https://www.bjjheroes.com/?p=6236
6246,Ailson,Brites,Jucao,Equipe Jucão,https://www.bjjheroes.com/?p=6246
6253,Diego,Borges,,Zenith JJ,https://www.bjjheroes.com/?p=6253
6258,Rodnei,Barbosa,Roy,Zenith JJ,https://www.bjjheroes.com/?p=6258
6276,Paulo,Sergio,,PS Phoenix JJ,https://www.bjjheroes.com/?p=6276
6284,Pirillo,Roriz,,Gracie Barra,https://www.bjjheroes.com/?p=6284
6286,Alex,Paz,Negao,Emirates Team,https://www.bjjheroes.com/?p=6286
6301,Faisal,Al Kitbe,,Emirates Team,https://www.bjjheroes.com/?p=6301
6311,Emyr,Bussade,Shark,ATT,https://www.bjjheroes.com/?p=6311
6337,Arnaldo,Maidana,,Checkmat,https://www.bjjheroes.com/?p=6337
6328,Jason,Gagnon,,Alliance,https://www.bjjheroes.com/?p=6328
6324,Evandro,Nunes,,Gracie Jiu Jitsu,https://www.bjjheroes.com/?p=6324
6419,Marcel,Golcalves,,Fight Sports,https://www.bjjheroes.com/?p=6419
6403,Leonardo,Dalla,Leo,Big Brothers,https://www.bjjheroes.com/?p=6403
6395,Chris,Holdsworth,,,https://www.bjjheroes.com/?p=6395
6375,Ruan,Oliveira,,Soul Fighters,https://www.bjjheroes.com/?p=6375
6366,Brian,Mahecha,,ATT,https://www.bjjheroes.com/?p=6366
6359,Pedro,Araujo,Pedrao,Gracie Barra,https://www.bjjheroes.com/?p=6359
6354,Jonathan,Satava,,Alliance,https://www.bjjheroes.com/?p=6354
6351,Alec,Baulding,,Alliance,https://www.bjjheroes.com/?p=6351
6348,Henrique,Gama Filho,,ATT,https://www.bjjheroes.com/?p=6348
6342,Pedro,Duarte,,,https://www.bjjheroes.com/?p=6342
6432,Yan,Lucas,Pica Pau,Gracie Barra,https://www.bjjheroes.com/?p=6432
6447,Pedro,Gama Filho,,,https://www.bjjheroes.com/?p=6447
6454,Patricia,Fontes,Pati,Checkmat,https://www.bjjheroes.com/?p=6454
6481,Amal,Easton,,Easton Training Centre,https://www.bjjheroes.com/?p=6481
6483,Neiman,Gracie,,Renzo Gracie Academy,https://www.bjjheroes.com/?p=6483
6493,Darson,Hemmings,,Gracie Humaita,https://www.bjjheroes.com/?p=6493
6507,Regis,Lebre,,Gracie Humaita,https://www.bjjheroes.com/?p=6507
6518,Egan,Inoue,,,https://www.bjjheroes.com/?p=6518
6525,Kristina,Baarlan,,CTBJJA,https://www.bjjheroes.com/?p=6525
6528,Bruno,Moreno,Alminha,Kimura / Nova Uniao,https://www.bjjheroes.com/?p=6528
6535,James,Boran,,Boran BJJ,https://www.bjjheroes.com/?p=6535
6531,Richard,Martinez,Richie,10th Planet,https://www.bjjheroes.com/?p=6531
6503,Marcel,Fortuna,,Ralph Gracie JJ,https://www.bjjheroes.com/?p=6503
6539,Francisco Pinto,Sa,Sazinho,SAS,https://www.bjjheroes.com/?p=6539
6545,Ricardo,Velloso,Kiko,Carlson Gracie Academy,https://www.bjjheroes.com/?p=6545
6563,Francisco,Iturralde,Sinistro,Alliance,https://www.bjjheroes.com/?p=6563
6592,Dany,Gerard,,Atos,https://www.bjjheroes.com/?p=6592
6596,Jhonny,Loureiro,,Alliance,https://www.bjjheroes.com/?p=6596
6618,Luciana,Dias,Luka,Gracie Humaita,https://www.bjjheroes.com/?p=6618
12788,Luciana,Mota,,Alliance,https://www.bjjheroes.com/?p=12788
6641,Deborah,Gracie Stambovsky,,Gracie Sports,https://www.bjjheroes.com/?p=6641
6674,Miguel Angel,Alderete,,Nova União,https://www.bjjheroes.com/?p=6674
6683,Ryan,Gracie,,,https://www.bjjheroes.com/?p=6683
6686,Carlos,Terrinha,,Gracie Barra,https://www.bjjheroes.com/?p=6686
6748,Juarez,Soares,,Araruama Jiu Jitsu/DDR,https://www.bjjheroes.com/?p=6748
6756,Rodrigo,Silva,Feijao,Nova União,https://www.bjjheroes.com/?p=6756
6761,Tayane,Porfirio,,Alliance,https://www.bjjheroes.com/?p=6761
6765,Fernanda,Mazzelli,,Strike Academy,https://www.bjjheroes.com/?p=6765
6768,Adilson,Lima,Bitta,Academia Pitbull,https://www.bjjheroes.com/?p=6768
6801,Jose Carlos,Lima,,GF Team,https://www.bjjheroes.com/?p=6801
6805,Max,Gimenis,,GF Team,https://www.bjjheroes.com/?p=6805
6825,Fernando,Andrade Reis,,Alliance,https://www.bjjheroes.com/?p=6825
6833,Jared,Weiner,,BJJ United / Tac Team / Purebred,https://www.bjjheroes.com/?p=6833
6829,Daniel,Alvarez,Danny,Alvarez BJJ / Bruno Bastos Association,https://www.bjjheroes.com/?p=6829
6976,Vinicius,Canevari,Magoo,Magoo Jiu Jitsu,https://www.bjjheroes.com/?p=6976
7000,Nathiely,de Jesus,,,https://www.bjjheroes.com/?p=7000
7002,Jamil,Hill-Taylor,,Team Lloyd Irvin,https://www.bjjheroes.com/?p=7002
7009,Stephen,Roberto,,Purebred,https://www.bjjheroes.com/?p=7009
7075,Jack,McVicker,,McVicker's BJJ,https://www.bjjheroes.com/?p=7075
7077,Ariadne,de Oliveira,,Equipe Mestre Wilson,https://www.bjjheroes.com/?p=7077
7079,Carlos,Farias,,Roberto Traven BJJ,https://www.bjjheroes.com/?p=7079
7103,Wagner,Mota,,Demian Maia Jiu Jitsu,https://www.bjjheroes.com/?p=7103
7106,Talita,Alencar,,Alliance,https://www.bjjheroes.com/?p=7106
7111,Muslim,Patsarigov,,RGA Norway,https://www.bjjheroes.com/?p=7111
7114,Marcus,Antelante,,Soul Fighters,https://www.bjjheroes.com/?p=7114
7123,Luiz,Tosta,Ceara,London Shootfighters,https://www.bjjheroes.com/?p=7123
7156,Tiago,Bravo,,,https://www.bjjheroes.com/?p=7156
6792,Cassio,Francis,Cassao,Gracie Barra / Cassao,https://www.bjjheroes.com/?p=6792
7201,Rodrigo,Pinheiro,,Rodrigo Pinheiro JJ,https://www.bjjheroes.com/?p=7201
7171,Tiago,Pereira,,Ribeiro JJ,https://www.bjjheroes.com/?p=7171
7143,Breno,Bittencourt,,Ares JJ,https://www.bjjheroes.com/?p=7143
7140,Fabricio,Medeiros,Bicudo,,https://www.bjjheroes.com/?p=7140
7256,Jan,Buatim,,NS Brotherhood,https://www.bjjheroes.com/?p=7256
7247,Enrico,Cocco,,Fight Sports / Zen Jiu Jitsu,https://www.bjjheroes.com/?p=7247
7231,Manuel,Diaz,Manny,,https://www.bjjheroes.com/?p=7231
7224,Diogo,Almeida,,Almeida JJ,https://www.bjjheroes.com/?p=7224
7218,Outi,Jarvilehto,,Brasa,https://www.bjjheroes.com/?p=7218
7282,Andre,Ushirobira,,Ushirobira JJ,https://www.bjjheroes.com/?p=7282
7289,Paulo,Caruso,,,https://www.bjjheroes.com/?p=7289
7329,Mauricio,Pereira,Russo,Laerte Barcelos JJ,https://www.bjjheroes.com/?p=7329
7352,Rolando,Delgado,Roli,,https://www.bjjheroes.com/?p=7352
7376,Ilke,Bulut,,Icon JJ,https://www.bjjheroes.com/?p=7376
7396,Manoel,Neto,,Team Focus,https://www.bjjheroes.com/?p=7396
7473,Thamires,Aquino,,GF Team,https://www.bjjheroes.com/?p=7473
7476,Kristian,Woodmansee,,Atos,https://www.bjjheroes.com/?p=7476
7502,Paul,Ardila-Ibarra,,American Top Team (ATT),https://www.bjjheroes.com/?p=7502
7505,Valdir,Canuto,Tio Chico,Zenith JJ,https://www.bjjheroes.com/?p=7505
7512,Nakapan,Phungephorn,,BETA Academy,https://www.bjjheroes.com/?p=7512
7519,Eliot,Kelly,,Yemaso JJ,https://www.bjjheroes.com/?p=7519
7556,Mauricio,Pereira,Mauricao,Behring JJ,https://www.bjjheroes.com/?p=7556
7636,Vinicius,Garcia,,,https://www.bjjheroes.com/?p=7636
