event_id,bracket_bundle_id,bracket_name
11765,733579,"Women / Adult / Beginner / -65,0 kg"
11765,733572,"Women / Adult / Beginner / +70,0 kg"
11765,733561,"Women / Adult / Intermediate / -55,0 kg"
11765,733565,"Women / Adult / Intermediate / -60,0 kg"
11765,733567,"Women / Adult / Intermediate / -65,0 kg"
11765,733562,"Women / Adult / Intermediate / -70,0 kg"
11765,733537,"Women / Adult / Intermediate / +70,0 kg"
11765,733553,"Women / Adult / Advanced / -65,0 kg"
11765,733574,"Women / Adult / Advanced / -70,0 kg"
11765,733548,"Women / Adult / Advanced / +70,0 kg"
11765,733554,Women's Absolute / Adult / Advanced
11765,733555,"Men / Adult / Beginner / -60,0 kg"
11765,733556,"Men / Adult / Beginner / -65,0 kg"
11765,733549,"Men / Adult / Beginner / -70,0 kg"
11765,733538,"Men / Adult / Beginner / -76,0 kg"
11765,733546,"Men / Adult / Beginner / -83,0 kg"
11765,733557,"Men / Adult / Beginner / -91,0 kg"
11765,733584,"Men / Adult / Beginner / -100,0 kg"
11765,733536,"Men / Adult / Beginner / +100,0 kg"
11765,733566,"Men / Adult / Intermediate / -60,0 kg"
11765,733543,"Men / Adult / Intermediate / -65,0 kg"
11765,733539,"Men / Adult / Intermediate / -70,0 kg"
11765,733540,"Men / Adult / Intermediate / -76,0 kg"
11765,733532,"Men / Adult / Intermediate / -83,0 kg"
11765,733551,"Men / Adult / Intermediate / -91,0 kg"
11765,733542,"Men / Adult / Intermediate / -100,0 kg"
11765,733576,"Men / Adult / Intermediate / +100,0 kg"
11765,733528,"Men / Adult / Advanced / -60,0 kg"
11765,733531,"Men / Adult / Advanced / -65,0 kg"
11765,733559,"Men / Adult / Advanced / -70,0 kg"
11765,733547,"Men / Adult / Advanced / -76,0 kg"
11765,733550,"Men / Adult / Advanced / -83,0 kg"
11765,733568,"Men / Adult / Advanced / -91,0 kg"
11765,733552,"Men / Adult / Advanced / -100,0 kg"
11765,733533,"Men / Adult / Advanced / +100,0 kg"
11765,733541,"Men / Masters 35+ / Intermediate / -70,0 kg"
11765,733570,"Men / Masters 35+ / Intermediate / -76,0 kg"
11765,733558,"Men / Masters 35+ / Intermediate / -83,0 kg"
11765,733545,"Men / Masters 35+ / Advanced / -76,0 kg"
11765,733569,"Men / Masters 35+ / Advanced / -83,0 kg"
11765,733535,"Men / Masters 35+ / Advanced / -91,0 kg"
11765,733571,"Men / Masters 35+ / Advanced / -100,0 kg"
11765,733534,Men's Absolute / Adult / Advanced
11765,733578,"Girls [7-8 years] / Beginner / -24,0 kg"
11765,733581,"Girls [7-8 years] / Intermediate / -32,0 kg"
11765,733589,"Girls [9-10 years] / Advanced / -44,0 kg"
11765,733585,"Girls [11-12 years] / Advanced / -40,0 kg"
11765,733582,"Girls [11-12 years] / Advanced / +52,0 kg"
11765,733587,"Boys [7-8 years] / Intermediate / -28,0 kg"
11765,733563,"Boys [9-10 years] / Beginner / -40,0 kg"
11765,733564,"Boys [9-10 years] / Intermediate / -40,0 kg"
11765,733530,"Boys [9-10 years] / Advanced / -32,0 kg"
11765,733529,"Boys [9-10 years] / Advanced / -40,0 kg"
11765,733586,"Boys [13-14 years] / Beginner / -55,0 kg"
11765,733573,"Boys [13-14 years] / Beginner / -60,0 kg"
11765,733544,"Boys [13-14 years] / Advanced / -60,0 kg"
11765,733575,"Boys [15-17 years] / Beginner / -55,0 kg"
11765,733577,"Boys [15-17 years] / Beginner / -70,0 kg"
11765,733588,"Boys [15-17 years] / Intermediate / +80,0 kg"
11765,733560,"Boys [15-17 years] / Advanced / -65,0 kg"
11765,733580,"Boys [15-17 years] / Advanced / -75,0 kg"
11268,732874,"Women / Adult / Beginner / -55,0 kg"
11268,732848,"Women / Adult / Beginner / -60,0 kg"
11268,732819,"Women / Adult / Beginner / -65,0 kg"
11268,732890,"Women / Adult / Beginner / -70,0 kg"
11268,732842,"Women / Adult / Intermediate / -55,0 kg"
11268,732831,"Women / Adult / Intermediate / -60,0 kg"
11268,732805,"Women / Adult / Intermediate / -65,0 kg"
11268,732858,"Women / Adult / Intermediate / -70,0 kg"
11268,732799,"Women / Adult / Intermediate / +70,0 kg"
11268,732840,"Women / Adult / Advanced / -55,0 kg"
11268,732847,"Women / Adult / Advanced / -60,0 kg"
11268,732814,"Women / Adult / Advanced / -65,0 kg"
11268,732868,"Women / Adult / Advanced / -70,0 kg"
11268,732854,"Women / Adult / Advanced / +70,0 kg"
11268,732913,"Women / Masters 35+ / Beginner / +70,0 kg"
11268,732844,"Women / Masters 35+ / Intermediate / -60,0 kg"
11268,732897,"Women / Masters 35+ / Intermediate / -65,0 kg"
11268,732875,"Women / Masters 35+ / Intermediate / -70,0 kg"
11268,732910,"Women / Masters 35+ / Advanced / -60,0 kg"
11268,732902,"Women / Masters 35+ / Advanced / -65,0 kg"
11268,732800,Women's Absolute / Adult / Advanced
11268,732807,"Men / Adult / Beginner / -60,0 kg"
11268,732866,"Men / Adult / Beginner / -65,0 kg"
11268,732853,"Men / Adult / Beginner / -70,0 kg"
11268,732862,"Men / Adult / Beginner / -76,0 kg"
11268,732829,"Men / Adult / Beginner / -83,0 kg"
11268,732815,"Men / Adult / Beginner / -91,0 kg"
11268,732809,"Men / Adult / Beginner / -100,0 kg"
11268,732795,Men / Adult / Beginner / +100 kg
11268,732785,"Men / Adult / Intermediate  / -60,0 kg"
11268,732826,"Men / Adult / Intermediate  / -65,0 kg"
11268,732787,"Men / Adult / Intermediate  / -70,0 kg"
11268,732791,"Men / Adult / Intermediate  / -76,0 kg"
11268,732818,"Men / Adult / Intermediate  / -83,0 kg"
11268,732796,"Men / Adult / Intermediate  / -91,0 kg"
11268,732803,"Men / Adult / Intermediate  / -100,0 kg"
11268,732790,Men / Adult / Intermediate  / +100 kg
11268,732810,"Men / Adult / Advanced / -60,0 kg"
11268,732789,"Men / Adult / Advanced / -65,0 kg"
11268,732817,"Men / Adult / Advanced / -70,0 kg"
11268,732797,"Men / Adult / Advanced / -76,0 kg"
11268,732830,"Men / Adult / Advanced / -83,0 kg"
11268,732802,"Men / Adult / Advanced / -91,0 kg"
11268,732820,"Men / Adult / Advanced / -100,0 kg"
11268,732873,Men / Adult / Advanced / +100 kg
11268,732895,"Men / Masters 35+ / Beginner / -76,0 kg"
11268,732832,"Men / Masters 35+ / Beginner / -83,0 kg"
11268,732816,"Men / Masters 35+ / Beginner / -100,0 kg"
11268,732891,Men / Masters 35+ / Beginner / +100 kg
11268,732793,"Men / Masters 35+ / Intermediate  / -70,0 kg"
11268,732821,"Men / Masters 35+ / Intermediate  / -76,0 kg"
11268,732794,"Men / Masters 35+ / Intermediate  / -83,0 kg"
11268,732839,"Men / Masters 35+ / Intermediate  / -91,0 kg"
11268,732782,"Men / Masters 35+ / Intermediate  / -100,0 kg"
11268,732824,Men / Masters 35+ / Intermediate  / +100 kg
11268,732883,"Men / Masters 35+ / Advanced / -60,0 kg"
11268,732851,"Men / Masters 35+ / Advanced / -65,0 kg"
11268,732838,"Men / Masters 35+ / Advanced / -76,0 kg"
11268,732801,"Men / Masters 35+ / Advanced / -83,0 kg"
11268,732833,"Men / Masters 35+ / Advanced / -91,0 kg"
11268,732837,"Men / Masters 35+ / Advanced / -100,0 kg"
11268,732828,Men / Masters 35+ / Advanced / +100 kg
11268,732783,Men's Absolute / Adult / Advanced
11268,732909,"Girls [6 and under] / Intermediate / -20,0 kg"
11268,732920,"Girls [7-8 years] / Beginner / -32,0 kg"
11268,732884,"Girls [7-8 years] / Intermediate / -24,0 kg"
11268,732906,"Girls [7-8 years] / Intermediate / -32,0 kg"
11268,732863,"Girls [9-10 years] / Beginner / -32,0 kg"
11268,732876,"Girls [9-10 years] / Beginner / -44,0 kg"
11268,732919,"Girls [9-10 years] / Intermediate / -28,0 kg"
11268,732857,"Girls [9-10 years] / Intermediate / -32,0 kg"
11268,732834,"Girls [9-10 years] / Intermediate / -36,0 kg"
11268,732841,"Girls [9-10 years] / Advanced / -36,0 kg"
11268,732904,"Girls [9-10 years] / Advanced / -40,0 kg"
11268,732877,"Girls [11-12 years] / Beginner / -48,0 kg"
11268,732846,"Girls [11-12 years] / Intermediate / -36,0 kg"
11268,732914,"Girls [11-12 years] / Intermediate / -44,0 kg"
11268,732880,"Girls [11-12 years] / Intermediate / -52,0 kg"
11268,732852,"Girls [11-12 years] / Advanced / -32,0 kg"
11268,732889,"Girls [11-12 years] / Advanced / -36,0 kg"
11268,732892,"Girls [11-12 years] / Advanced / -44,0 kg"
11268,732898,"Girls [11-12 years] / Advanced / -48,0 kg"
11268,732899,"Girls [11-12 years] / Advanced / +52,0 kg"
11268,732921,"Girls [13-14 years] / Beginner / -50,0 kg"
11268,732860,"Girls [13-14 years] / Intermediate / -60,0 kg"
11268,732822,"Girls [13-14 years] / Intermediate / +60,0 kg"
11268,732869,"Girls [13-14 years] / Advanced / -50,0 kg"
11268,732859,"Girls [13-14 years] / Advanced / -60,0 kg"
11268,732911,"Girls [15-17 years] / Beginner / -65,0 kg"
11268,732872,"Girls [15-17 years] / Advanced / -55,0 kg"
11268,732813,"Girls [15-17 years] / Advanced / -65,0 kg"
11268,732882,"Boys [6 and under] / Beginner / -20,0 kg"
11268,732864,"Boys [6 and under] / Intermediate / -24,0 kg"
11268,732888,"Boys [7-8 years] / Beginner / -24,0 kg"
11268,732836,"Boys [7-8 years] / Intermediate / -24,0 kg"
11268,732786,"Boys [7-8 years] / Intermediate / -28,0 kg"
11268,732903,"Boys [7-8 years] / Intermediate / -32,0 kg"
11268,732850,"Boys [7-8 years] / Intermediate / -40,0 kg"
11268,732907,"Boys [7-8 years] / Advanced / -28,0 kg"
11268,732798,"Boys [7-8 years] / Advanced / -36,0 kg"
11268,732918,"Boys [9-10 years] / Beginner / -32,0 kg"
11268,732804,"Boys [9-10 years] / Intermediate / -28,0 kg"
11268,732806,"Boys [9-10 years] / Intermediate / -32,0 kg"
11268,732835,"Boys [9-10 years] / Intermediate / -36,0 kg"
11268,732865,"Boys [9-10 years] / Intermediate / -40,0 kg"
11268,732871,"Boys [9-10 years] / Intermediate / -44,0 kg"
11268,732811,"Boys [9-10 years] / Advanced / -28,0 kg"
11268,732808,"Boys [9-10 years] / Advanced / -36,0 kg"
11268,732887,"Boys [9-10 years] / Advanced / -40,0 kg"
11268,732908,"Boys [9-10 years] / Advanced / -44,0 kg"
11268,732912,"Boys [11-12 years] / Beginner / -44,0 kg"
11268,732885,"Boys [11-12 years] / Intermediate / -32,0 kg"
11268,732855,"Boys [11-12 years] / Intermediate / -36,0 kg"
11268,732812,"Boys [11-12 years] / Intermediate / -44,0 kg"
11268,732792,"Boys [11-12 years] / Intermediate / -48,0 kg"
11268,732905,"Boys [11-12 years] / Intermediate / +52,0 kg"
11268,732901,"Boys [11-12 years] / Advanced / -36,0 kg"
11268,732896,"Boys [11-12 years] / Advanced / -40,0 kg"
11268,732856,"Boys [11-12 years] / Advanced / -44,0 kg"
11268,732784,"Boys [11-12 years] / Advanced / -48,0 kg"
11268,732881,"Boys [11-12 years] / Advanced / -52,0 kg"
11268,732823,"Boys [13-14 years] / Intermediate / -45,0 kg"
11268,732878,"Boys [13-14 years] / Intermediate / -50,0 kg"
11268,732870,"Boys [13-14 years] / Intermediate / -60,0 kg"
11268,732886,"Boys [13-14 years] / Intermediate / +65,0 kg"
11268,732867,"Boys [13-14 years] / Advanced / -40,0 kg"
11268,732894,"Boys [13-14 years] / Advanced / -50,0 kg"
11268,732825,"Boys [13-14 years] / Advanced / -55,0 kg"
11268,732843,"Boys [13-14 years] / Advanced / -60,0 kg"
11268,732893,"Boys [13-14 years] / Advanced / -65,0 kg"
11268,732827,"Boys [13-14 years] / Advanced / +65,0 kg"
11268,732917,"Boys [15-17 years] / Beginner / -60,0 kg"
11268,732916,"Boys [15-17 years] / Beginner / -80,0 kg"
11268,732915,"Boys [15-17 years] / Intermediate / -65,0 kg"
11268,732879,"Boys [15-17 years] / Advanced / -55,0 kg"
11268,732861,"Boys [15-17 years] / Advanced / -60,0 kg"
11268,732788,"Boys [15-17 years] / Advanced / -65,0 kg"
11268,732900,"Boys [15-17 years] / Advanced / -70,0 kg"
11268,732845,"Boys [15-17 years] / Advanced / -75,0 kg"
11268,732849,"Boys [15-17 years] / Advanced / +80,0 kg"
11127,732695,"Women / Adult / Beginner / -60,0 kg"
11127,732670,"Women / Adult / Beginner / +70,0 kg"
11127,732657,"Women / Adult / Intermediate / -55,0 kg"
11127,732614,"Women / Adult / Intermediate / -60,0 kg"
11127,732650,"Women / Adult / Intermediate / -65,0 kg"
11127,732703,"Women / Adult / Intermediate / -70,0 kg"
11127,732625,"Women / Adult / Intermediate / +70,0 kg"
11127,732667,"Women / Adult / Advanced / -60,0 kg"
11127,732665,"Women / Adult / Advanced / -65,0 kg"
11127,732621,"Women / Adult / Advanced / -70,0 kg"
11127,732688,"Women / Masters 35+ / Intermediate / -70,0 kg"
11127,732694,"Women / Masters 35+ / Advanced / -65,0 kg"
11127,732624,Women's Absolute / Adult / Advanced
11127,732676,"Men / Adult / Beginner / -65,0 kg"
11127,732622,"Men / Adult / Beginner / -70,0 kg"
11127,732646,"Men / Adult / Beginner / -76,0 kg"
11127,732637,"Men / Adult / Beginner / -83,0 kg"
11127,732679,"Men / Adult / Beginner / -91,0 kg"
11127,732619,"Men / Adult / Beginner / -100,0 kg"
11127,732678,Men / Adult / Beginner / +100 kg
11127,732617,"Men / Adult / Intermediate  / -60,0 kg"
11127,732636,"Men / Adult / Intermediate  / -65,0 kg"
11127,732616,"Men / Adult / Intermediate  / -70,0 kg"
11127,732630,"Men / Adult / Intermediate  / -76,0 kg"
11127,732618,"Men / Adult / Intermediate  / -83,0 kg"
11127,732610,"Men / Adult / Intermediate  / -91,0 kg"
11127,732655,"Men / Adult / Intermediate  / -100,0 kg"
11127,732686,Men / Adult / Intermediate  / +100 kg
11127,732640,"Men / Adult / Advanced / -60,0 kg"
11127,732635,"Men / Adult / Advanced / -65,0 kg"
11127,732674,"Men / Adult / Advanced / -70,0 kg"
11127,732623,"Men / Adult / Advanced / -76,0 kg"
11127,732641,"Men / Adult / Advanced / -83,0 kg"
11127,732658,"Men / Adult / Advanced / -91,0 kg"
11127,732659,"Men / Adult / Advanced / -100,0 kg"
11127,732611,Men / Adult / Advanced / +100 kg
11127,732662,"Men / Masters 35+ / Beginner / -91,0 kg"
11127,732626,"Men / Masters 35+ / Intermediate  / -76,0 kg"
11127,732651,"Men / Masters 35+ / Intermediate  / -83,0 kg"
11127,732638,"Men / Masters 35+ / Intermediate  / -91,0 kg"
11127,732620,Men / Masters 35+ / Intermediate  / +100 kg
11127,732690,"Men / Masters 35+ / Advanced / -60,0 kg"
11127,732648,"Men / Masters 35+ / Advanced / -76,0 kg"
11127,732660,"Men / Masters 35+ / Advanced / -83,0 kg"
11127,732681,"Men / Masters 35+ / Advanced / -91,0 kg"
11127,732633,Men / Masters 35+ / Advanced / +100 kg
11127,732612,Men's Absolute / Adult / Advanced
11127,732698,"Girls [6 and under] / Intermediate / -24,0 kg"
11127,732682,"Girls [7-8 years] / Beginner / -24,0 kg"
11127,732709,"Girls [7-8 years] / Beginner / -32,0 kg"
11127,732644,"Girls [9-10 years] / Intermediate / -28,0 kg"
11127,732701,"Girls [9-10 years] / Intermediate / -32,0 kg"
11127,732684,"Girls [9-10 years] / Intermediate / -48,0 kg"
11127,732653,"Girls [9-10 years] / Advanced / -28,0 kg"
11127,732654,"Girls [9-10 years] / Advanced / -32,0 kg"
11127,732702,"Girls [11-12 years] / Intermediate / -44,0 kg"
11127,732707,"Girls [11-12 years] / Intermediate / -48,0 kg"
11127,732663,"Girls [11-12 years] / Intermediate / -52,0 kg"
11127,732613,"Girls [11-12 years] / Intermediate / +52,0 kg"
11127,732706,"Girls [11-12 years] / Advanced / -40,0 kg"
11127,732661,"Girls [13-14 years] / Intermediate / -45,0 kg"
11127,732692,"Girls [13-14 years] / Intermediate / -50,0 kg"
11127,732687,"Girls [13-14 years] / Intermediate / +60,0 kg"
11127,732710,"Girls [13-14 years] / Advanced / -50,0 kg"
11127,732652,"Girls [13-14 years] / Advanced / -60,0 kg"
11127,732666,"Girls [15-17 years] / Advanced / -65,0 kg"
11127,732642,"Boys [6 and under] / Intermediate / -20,0 kg"
11127,732699,"Boys [6 and under] / Intermediate / -24,0 kg"
11127,732708,"Boys [6 and under] / Intermediate / -28,0 kg"
11127,732675,"Boys [7-8 years] / Intermediate / -24,0 kg"
11127,732673,"Boys [7-8 years] / Intermediate / -28,0 kg"
11127,732697,"Boys [7-8 years] / Intermediate / -32,0 kg"
11127,732685,"Boys [7-8 years] / Intermediate / -36,0 kg"
11127,732704,"Boys [9-10 years] / Beginner / -32,0 kg"
11127,732631,"Boys [9-10 years] / Beginner / -36,0 kg"
11127,732629,"Boys [9-10 years] / Intermediate / -28,0 kg"
11127,732627,"Boys [9-10 years] / Intermediate / -32,0 kg"
11127,732632,"Boys [9-10 years] / Intermediate / -36,0 kg"
11127,732639,"Boys [9-10 years] / Intermediate / -40,0 kg"
11127,732705,"Boys [9-10 years] / Intermediate / -48,0 kg"
11127,732628,"Boys [9-10 years] / Advanced / -28,0 kg"
11127,732668,"Boys [9-10 years] / Advanced / -32,0 kg"
11127,732677,"Boys [11-12 years] / Beginner / +52,0 kg"
11127,732672,"Boys [11-12 years] / Intermediate / -32,0 kg"
11127,732693,"Boys [11-12 years] / Intermediate / -44,0 kg"
11127,732664,"Boys [11-12 years] / Intermediate / -52,0 kg"
11127,732696,"Boys [11-12 years] / Advanced / -36,0 kg"
11127,732683,"Boys [11-12 years] / Advanced / -48,0 kg"
11127,732634,"Boys [13-14 years] / Intermediate / -50,0 kg"
11127,732643,"Boys [13-14 years] / Intermediate / -55,0 kg"
11127,732649,"Boys [13-14 years] / Intermediate / -60,0 kg"
11127,732671,"Boys [13-14 years] / Intermediate / -65,0 kg"
11127,732615,"Boys [13-14 years] / Advanced / -50,0 kg"
11127,732656,"Boys [13-14 years] / Advanced / -60,0 kg"
11127,732647,"Boys [13-14 years] / Advanced / +65,0 kg"
11127,732689,"Boys [15-17 years] / Beginner / -60,0 kg"
11127,732645,"Boys [15-17 years] / Intermediate / -60,0 kg"
11127,732711,"Boys [15-17 years] / Intermediate / +80,0 kg"
11127,732700,"Boys [15-17 years] / Advanced / -55,0 kg"
11127,732680,"Boys [15-17 years] / Advanced / -60,0 kg"
11127,732669,"Boys [15-17 years] / Advanced / -65,0 kg"
11127,732691,"Boys [15-17 years] / Advanced / -70,0 kg"
10767,731957,"Women / Adult / Beginner / -60,0 kg"
10767,732038,"Women / Adult / Beginner / +70,0 kg"
10767,731900,"Women / Adult / Intermediate / -55,0 kg"
10767,731886,"Women / Adult / Intermediate / -60,0 kg"
10767,731958,"Women / Adult / Intermediate / -65,0 kg"
10767,731880,"Women / Adult / Intermediate / -70,0 kg"
10767,731963,"Women / Adult / Intermediate / +70,0 kg"
10767,731932,"Women / Adult / Advanced / -50,0 kg"
10767,731944,"Women / Adult / Advanced / -55,0 kg"
10767,731917,"Women / Adult / Advanced / -60,0 kg"
10767,731858,"Women / Adult / Advanced / -65,0 kg"
10767,731856,"Women / Adult / Advanced / -70,0 kg"
10767,731881,"Women / Adult / Advanced / +70,0 kg"
10767,731997,"Women / Masters 35+ / Intermediate / -60,0 kg"
10767,731965,"Women / Masters 35+ / Advanced / -60,0 kg"
10767,732027,"Women / Masters 35+ / Advanced / -70,0 kg"
10767,731882,Women's Absolute / Adult / Advanced
10767,731981,"Men / Adult / Beginner / -60,0 kg"
10767,731898,"Men / Adult / Beginner / -65,0 kg"
10767,731887,"Men / Adult / Beginner / -70,0 kg"
10767,731896,"Men / Adult / Beginner / -76,0 kg"
10767,731865,"Men / Adult / Beginner / -83,0 kg"
10767,731954,"Men / Adult / Beginner / -91,0 kg"
10767,731927,Men / Adult / Beginner / +100 kg
10767,731907,"Men / Adult / Intermediate / -60,0 kg"
10767,731854,"Men / Adult / Intermediate / -65,0 kg"
10767,731870,"Men / Adult / Intermediate / -70,0 kg"
10767,731860,"Men / Adult / Intermediate / -76,0 kg"
10767,731873,"Men / Adult / Intermediate / -83,0 kg"
10767,731875,"Men / Adult / Intermediate / -91,0 kg"
10767,731946,"Men / Adult / Intermediate / -100,0 kg"
10767,731905,Men / Adult / Intermediate / +100 kg
10767,731862,"Men / Adult / Advanced / -60,0 kg"
10767,731853,"Men / Adult / Advanced / -65,0 kg"
10767,731871,"Men / Adult / Advanced / -70,0 kg"
10767,731857,"Men / Adult / Advanced / -76,0 kg"
10767,731888,"Men / Adult / Advanced / -83,0 kg"
10767,731867,"Men / Adult / Advanced / -91,0 kg"
10767,731872,"Men / Adult / Advanced / -100,0 kg"
10767,731934,Men / Adult / Advanced / +100 kg
10767,731951,"Men / Masters 35+ / Beginner / -83,0 kg"
10767,731971,"Men / Masters 35+ / Beginner / -91,0 kg"
10767,731979,"Men / Masters 35+ / Beginner / -100,0 kg"
10767,731890,"Men / Masters 35+ / Intermediate / -65,0 kg"
10767,731956,"Men / Masters 35+ / Intermediate / -70,0 kg"
10767,731891,"Men / Masters 35+ / Intermediate / -76,0 kg"
10767,731908,"Men / Masters 35+ / Intermediate / -83,0 kg"
10767,731910,"Men / Masters 35+ / Intermediate / -91,0 kg"
10767,731861,"Men / Masters 35+ / Intermediate / -100,0 kg"
10767,731929,Men / Masters 35+ / Intermediate / +100 kg
10767,731933,"Men / Masters 35+ / Advanced / -60,0 kg"
10767,731961,"Men / Masters 35+ / Advanced / -65,0 kg"
10767,731928,"Men / Masters 35+ / Advanced / -70,0 kg"
10767,731913,"Men / Masters 35+ / Advanced / -76,0 kg"
10767,731894,"Men / Masters 35+ / Advanced / -83,0 kg"
10767,731877,"Men / Masters 35+ / Advanced / -91,0 kg"
10767,731921,"Men / Masters 35+ / Advanced / -100,0 kg"
10767,731962,Men / Masters 35+ / Advanced / +100 kg
10767,731869,Men's Absolute / Adult / Advanced
10767,731967,"Girls [6 and under] / Beginner / -20,0 kg"
10767,732006,"Girls [6 and under] / Intermediate / -20,0 kg"
10767,732018,"Girls [6 and under] / Intermediate / -24,0 kg"
10767,731864,"Girls [7-8 years] / Beginner / -24,0 kg"
10767,731904,"Girls [7-8 years] / Beginner / -28,0 kg"
10767,731940,"Girls [7-8 years] / Beginner / -32,0 kg"
10767,732010,"Girls [7-8 years] / Intermediate / -24,0 kg"
10767,731983,"Girls [7-8 years] / Intermediate / -28,0 kg"
10767,732014,"Girls [7-8 years] / Intermediate / -32,0 kg"
10767,731892,"Girls [9-10 years] / Beginner / -28,0 kg"
10767,731911,"Girls [9-10 years] / Beginner / -32,0 kg"
10767,732046,"Girls [9-10 years] / Beginner / +36,0 kg"
10767,732001,"Girls [9-10 years] / Intermediate / -28,0 kg"
10767,731980,"Girls [9-10 years] / Intermediate / -32,0 kg"
10767,732037,"Girls [9-10 years] / Intermediate / -40,0 kg"
10767,732028,"Girls [9-10 years] / Intermediate / -48,0 kg"
10767,732002,"Girls [9-10 years] / Intermediate / +48,0 kg"
10767,731850,"Girls [9-10 years] / Advanced / -36,0 kg"
10767,731895,"Girls [9-10 years] / Advanced / -40,0 kg"
10767,731930,"Girls [11-12 years] / Beginner / -36,0 kg"
10767,732004,"Girls [11-12 years] / Intermediate / -36,0 kg"
10767,731986,"Girls [11-12 years] / Intermediate / -40,0 kg"
10767,732040,"Girls [11-12 years] / Intermediate / -48,0 kg"
10767,731982,"Girls [11-12 years] / Intermediate / +52,0 kg"
10767,731909,"Girls [11-12 years] / Advanced / -32,0 kg"
10767,731893,"Girls [11-12 years] / Advanced / -36,0 kg"
10767,731924,"Girls [11-12 years] / Advanced / -40,0 kg"
10767,731922,"Girls [11-12 years] / Advanced / -44,0 kg"
10767,731878,"Girls [11-12 years] / Advanced / +52,0 kg"
10767,732047,"Girls [11-12 years] / Intermediate / +61,0 kg"
10767,732042,"Girls [13-14 years] / Intermediate / -45,0 kg"
10767,731998,"Girls [13-14 years] / Intermediate / -50,0 kg"
10767,732003,"Girls [13-14 years] / Intermediate / -55,0 kg"
10767,732039,"Girls [13-14 years] / Intermediate / -60,0 kg"
10767,731994,"Girls [13-14 years] / Intermediate / +60,0 kg"
10767,732007,"Girls [13-14 years] / Advanced / -45,0 kg"
10767,731996,"Girls [13-14 years] / Advanced / -50,0 kg"
10767,732048,"Girls [13-14 years] / Advanced / +60,0 kg"
10767,732032,"Girls [15-17 years] / Advanced / -55,0 kg"
10767,731969,"Girls [15-17 years] / Advanced / -60,0 kg"
10767,732013,"Girls [15-17 years] / Advanced / -65,0 kg"
10767,731925,"Boys [6 and under] / Beginner / -20,0 kg"
10767,731955,"Boys [6 and under] / Beginner / -24,0 kg"
10767,731863,"Boys [6 and under] / Beginner / -28,0 kg"
10767,731945,"Boys [6 and under] / Intermediate / -20,0 kg"
10767,731906,"Boys [6 and under] / Intermediate / -24,0 kg"
10767,731959,"Boys [6 and under] / Intermediate / -28,0 kg"
10767,731884,"Boys [7-8 years] / Beginner / -24,0 kg"
10767,731889,"Boys [7-8 years] / Beginner / -28,0 kg"
10767,731885,"Boys [7-8 years] / Beginner / -32,0 kg"
10767,731977,"Boys [7-8 years] / Intermediate / -24,0 kg"
10767,731973,"Boys [7-8 years] / Intermediate / -28,0 kg"
10767,731972,"Boys [7-8 years] / Intermediate / -32,0 kg"
10767,732034,"Boys [7-8 years] / Intermediate / -36,0 kg"
10767,731855,"Boys [7-8 years] / Advanced / -28,0 kg"
10767,731920,"Boys [7-8 years] / Advanced / -32,0 kg"
10767,731943,"Boys [7-8 years] / Advanced / -36,0 kg"
10767,731899,"Boys [9-10 years] / Beginner / -28,0 kg"
10767,731897,"Boys [9-10 years] / Beginner / -32,0 kg"
10767,731936,"Boys [9-10 years] / Beginner / -40,0 kg"
10767,731985,"Boys [9-10 years] / Intermediate / -28,0 kg"
10767,731978,"Boys [9-10 years] / Intermediate / -32,0 kg"
10767,731975,"Boys [9-10 years] / Intermediate / -36,0 kg"
10767,731993,"Boys [9-10 years] / Intermediate / -40,0 kg"
10767,732023,"Boys [9-10 years] / Intermediate / -44,0 kg"
10767,731995,"Boys [9-10 years] / Intermediate / +48,0 kg"
10767,731879,"Boys [9-10 years] / Advanced / -28,0 kg"
10767,731901,"Boys [9-10 years] / Advanced / -32,0 kg"
10767,731938,"Boys [9-10 years] / Advanced / -36,0 kg"
10767,731935,"Boys [9-10 years] / Advanced / -40,0 kg"
10767,731968,"Boys [11-12 years] / Beginner / -40,0 kg"
10767,731950,"Boys [11-12 years] / Beginner / -44,0 kg"
10767,732015,"Boys [11-12 years] / Beginner / -52,0 kg"
10767,731952,"Boys [11-12 years] / Beginner / +52,0 kg"
10767,731974,"Boys [11-12 years] / Intermediate / -32,0 kg"
10767,732021,"Boys [11-12 years] / Intermediate / -36,0 kg"
10767,732008,"Boys [11-12 years] / Intermediate / -40,0 kg"
10767,732019,"Boys [11-12 years] / Intermediate / -48,0 kg"
10767,732025,"Boys [11-12 years] / Intermediate / -52,0 kg"
10767,731999,"Boys [11-12 years] / Intermediate / +52,0 kg"
10767,731851,"Boys [11-12 years] / Advanced / -32,0 kg"
10767,731947,"Boys [11-12 years] / Advanced / -36,0 kg"
10767,731849,"Boys [11-12 years] / Advanced / -40,0 kg"
10767,731859,"Boys [11-12 years] / Advanced / -44,0 kg"
10767,732011,"Boys [11-12 years] / Advanced / -48,0 kg"
10767,732012,"Boys [11-12 years] / Advanced / -52,0 kg"
10767,731915,"Boys [11-12 years] / Advanced / +52,0 kg"
10767,731989,"Boys [13-14 years] / Intermediate / -50,0 kg"
10767,731987,"Boys [13-14 years] / Intermediate / -55,0 kg"
10767,732016,"Boys [13-14 years] / Intermediate / -60,0 kg"
10767,732022,"Boys [13-14 years] / Intermediate / -65,0 kg"
10767,731988,"Boys [13-14 years] / Intermediate / +65,0 kg"
10767,731948,"Boys [13-14 years] / Advanced / -40,0 kg"
10767,731902,"Boys [13-14 years] / Advanced / -45,0 kg"
10767,731868,"Boys [13-14 years] / Advanced / -50,0 kg"
10767,731923,"Boys [13-14 years] / Advanced / -55,0 kg"
10767,732000,"Boys [13-14 years] / Advanced / -60,0 kg"
10767,732020,"Boys [13-14 years] / Advanced / -65,0 kg"
10767,731883,"Boys [13-14 years] / Advanced / +65,0 kg"
10767,732024,"Boys [15-17 years] / Beginner / -65,0 kg"
10767,732029,"Boys [15-17 years] / Intermediate / -55,0 kg"
10767,732017,"Boys [15-17 years] / Intermediate / -60,0 kg"
10767,731990,"Boys [15-17 years] / Intermediate / -70,0 kg"
10767,732033,"Boys [15-17 years] / Intermediate / +80,0 kg"
10767,731876,"Boys [15-17 years] / Advanced / -50,0 kg"
10767,731931,"Boys [15-17 years] / Advanced / -55,0 kg"
10767,731937,"Boys [15-17 years] / Advanced / -60,0 kg"
10767,731852,"Boys [15-17 years] / Advanced / -65,0 kg"
10767,731941,"Boys [15-17 years] / Advanced / -70,0 kg"
10767,731939,"Boys [15-17 years] / Advanced / -75,0 kg"
10767,731914,"Boys [15-17 years] / Advanced / -80,0 kg"
10767,732030,"Boys [15-17 years] / Advanced / +80,0 kg"
10748,585215,"Women / Adult / Beginner / -50,0 kg"
10748,585218,"Women / Adult / Beginner / -55,0 kg"
10748,585216,"Women / Adult / Beginner / -60,0 kg"
10748,585219,"Women / Adult / Beginner / -65,0 kg"
10748,585217,"Women / Adult / Beginner / -70,0 kg"
10748,586561,"Women / Adult / Intermediate / -50,0 kg"
10748,586559,"Women / Adult / Intermediate / -55,0 kg"
10748,586560,"Women / Adult / Intermediate / -60,0 kg"
10748,586558,"Women / Adult / Intermediate / -70,0 kg"
10748,586562,"Women / Adult / Intermediate / +70,0 kg"
10748,586467,"Women / Adult / Advanced / -60,0 kg"
10748,586469,"Women / Adult / Advanced / -65,0 kg"
10748,586502,"Women / Adult / Advanced / -70,0 kg"
10748,585214,"Women / Masters 35+ / Beginner / +70,0 kg"
10748,586557,"Women / Masters 35+ / Intermediate / -55,0 kg"
10748,586462,"Women / Masters 35+ / Advanced / -60,0 kg"
10748,586463,"Women / Masters 35+ / Advanced / -65,0 kg"
10748,585210,Women Absolute / Adult / All
10748,585226,"Men / Adult / Beginner / -60,0 kg"
10748,585227,"Men / Adult / Beginner / -65,0 kg"
10748,585221,"Men / Adult / Beginner / -70,0 kg"
10748,585220,"Men / Adult / Beginner / -76,0 kg"
10748,585222,"Men / Adult / Beginner / -83,0 kg"
10748,585224,"Men / Adult / Beginner / -91,0 kg"
10748,585223,"Men / Adult / Beginner / -100,0 kg"
10748,585225,Men / Adult / Beginner / +100 kg
10748,586577,"Men / Adult / Intermediate  / -60,0 kg"
10748,586576,"Men / Adult / Intermediate  / -65,0 kg"
10748,586570,"Men / Adult / Intermediate  / -70,0 kg"
10748,586573,"Men / Adult / Intermediate  / -76,0 kg"
10748,586572,"Men / Adult / Intermediate  / -83,0 kg"
10748,586575,"Men / Adult / Intermediate  / -91,0 kg"
10748,586574,"Men / Adult / Intermediate  / -100,0 kg"
10748,586571,Men / Adult / Intermediate  / +100 kg
10748,586515,"Men / Adult / Advanced / -60,0 kg"
10748,586510,"Men / Adult / Advanced / -65,0 kg"
10748,586514,"Men / Adult / Advanced / -70,0 kg"
10748,586512,"Men / Adult / Advanced / -76,0 kg"
10748,586509,"Men / Adult / Advanced / -83,0 kg"
10748,586511,"Men / Adult / Advanced / -91,0 kg"
10748,586513,"Men / Adult / Advanced / -100,0 kg"
10748,586508,Men / Adult / Advanced / +100 kg
10748,585212,"Men / Masters 35+ / Beginner / -76,0 kg"
10748,585211,"Men / Masters 35+ / Beginner / -83,0 kg"
10748,585213,Men / Masters 35+ / Beginner / +100 kg
10748,586569,"Men / Masters 35+ / Intermediate  / -65,0 kg"
10748,586566,"Men / Masters 35+ / Intermediate  / -70,0 kg"
10748,586563,"Men / Masters 35+ / Intermediate  / -76,0 kg"
10748,586567,"Men / Masters 35+ / Intermediate  / -83,0 kg"
10748,586565,"Men / Masters 35+ / Intermediate  / -91,0 kg"
10748,586568,"Men / Masters 35+ / Intermediate  / -100,0 kg"
10748,586564,Men / Masters 35+ / Intermediate  / +100 kg
10748,586535,"Men / Masters 35+ / Advanced / -65,0 kg"
10748,586533,"Men / Masters 35+ / Advanced / -70,0 kg"
10748,586529,"Men / Masters 35+ / Advanced / -76,0 kg"
10748,586534,"Men / Masters 35+ / Advanced / -83,0 kg"
10748,586530,"Men / Masters 35+ / Advanced / -91,0 kg"
10748,586532,"Men / Masters 35+ / Advanced / -100,0 kg"
10748,586531,Men / Masters 35+ / Advanced / +100 kg
10748,585147,Men Absolute / Adult / All
10748,585081,"Girls [7-8 years] / Beginner / -28,0 kg"
10748,585083,"Girls [7-8 years] / Intermediate / -24,0 kg"
10748,585084,"Girls [7-8 years] / Intermediate / -32,0 kg"
10748,585103,"Girls [9-10 years] / Intermediate / +48,0 kg"
10748,585107,"Girls [11-12 years] / Beginner / -40,0 kg"
10748,585109,"Girls [11-12 years] / Intermediate / -40,0 kg"
10748,585113,"Girls [11-12 years] / Intermediate / -48,0 kg"
10748,585125,"Girls [13-14 years] / Intermediate / -55,0 kg"
10748,585123,"Girls [13-14 years] / Advanced / -45,0 kg"
10748,585126,"Girls [13-14 years] / Advanced / -60,0 kg"
10748,585138,"Girls [15-17 years] / Advanced / -60,0 kg"
10748,585079,"Boys [6 and under] / Beginner / -20,0 kg"
10748,585080,"Boys [6 and under] / Beginner / -24,0 kg"
10748,585082,"Boys [7-8 years] / Beginner / -28,0 kg"
10748,585102,"Boys [9-10 years] / Beginner / -28,0 kg"
10748,585104,"Boys [9-10 years] / Intermediate / -36,0 kg"
10748,585108,"Boys [11-12 years] / Beginner / -40,0 kg"
10748,585112,"Boys [11-12 years] / Intermediate / -48,0 kg"
10748,585106,"Boys [11-12 years] / Advanced / -44,0 kg"
10748,585110,"Boys [11-12 years] / Advanced / -48,0 kg"
10748,585105,"Boys [11-12 years] / Advanced / +52,0 kg"
10748,585122,"Boys [13-14 years] / Beginner / -50,0 kg"
10748,585124,"Boys [13-14 years] / Intermediate / -50,0 kg"
10748,585121,"Boys [13-14 years] / Advanced / -55,0 kg"
10748,585127,"Boys [13-14 years] / Advanced / -60,0 kg"
10748,585142,"Boys [15-17 years] / Beginner / -65,0 kg"
10748,585140,"Boys [15-17 years] / Beginner / -80,0 kg"
10748,585144,"Boys [15-17 years] / Advanced / -60,0 kg"
10748,585137,"Boys [15-17 years] / Advanced / -65,0 kg"
10748,585139,"Boys [15-17 years] / Advanced / -70,0 kg"
10748,585143,"Boys [15-17 years] / Advanced / -80,0 kg"
10748,585141,"Boys [15-17 years] / Advanced / +80,0 kg"
11067,560931,"Women / Adult / Beginner / -50,0 kg"
11067,560932,"Women / Adult / Beginner / -55,0 kg"
11067,560934,"Women / Adult / Beginner / -60,0 kg"
11067,560936,"Women / Adult / Beginner / -65,0 kg"
11067,560937,"Women / Adult / Beginner / -70,0 kg"
11067,560940,"Women / Adult / Intermediate / -50,0 kg"
11067,560948,"Women / Adult / Intermediate / -55,0 kg"
11067,560947,"Women / Adult / Intermediate / -60,0 kg"
11067,560946,"Women / Adult / Intermediate / -65,0 kg"
11067,560945,"Women / Adult / Intermediate / -70,0 kg"
11067,560944,"Women / Adult / Intermediate / +70,0 kg"
11067,560941,"Women / Adult / Advanced / -60,0 kg"
11067,561861,Womens Absolute / Adult / Advanced
11067,560949,"Men / Adult / Beginner / -60,0 kg"
11067,560954,"Men / Adult / Beginner / -65,0 kg"
11067,560956,"Men / Adult / Beginner / -70,0 kg"
11067,560957,"Men / Adult / Beginner / -76,0 kg"
11067,560958,"Men / Adult / Beginner / -83,0 kg"
11067,560959,"Men / Adult / Beginner / -91,0 kg"
11067,560960,Men / Adult / Beginner / +100 kg
11067,560961,"Men / Adult / Intermediate / -60,0 kg"
11067,560962,"Men / Adult / Intermediate / -65,0 kg"
11067,560963,"Men / Adult / Intermediate / -70,0 kg"
11067,560966,"Men / Adult / Intermediate / -76,0 kg"
11067,560967,"Men / Adult / Intermediate / -83,0 kg"
11067,560968,"Men / Adult / Intermediate / -91,0 kg"
11067,560969,"Men / Adult / Intermediate / -100,0 kg"
11067,560970,Men / Adult / Intermediate / +100 kg
11067,560971,"Men / Adult / Advanced / -60,0 kg"
11067,560972,"Men / Adult / Advanced / -65,0 kg"
11067,560973,"Men / Adult / Advanced / -70,0 kg"
11067,560974,"Men / Adult / Advanced / -76,0 kg"
11067,560975,"Men / Adult / Advanced / -83,0 kg"
11067,560978,"Men / Adult / Advanced / -91,0 kg"
11067,560979,"Men / Adult / Advanced / -100,0 kg"
11067,560981,Men / Adult / Advanced / +100 kg
11067,560982,"Men / Masters 35+ / Beginner / -65,0 kg"
11067,560986,"Men / Masters 35+ / Beginner / -70,0 kg"
11067,560987,"Men / Masters 35+ / Beginner / -83,0 kg"
11067,560989,"Men / Masters 35+ / Beginner / -100,0 kg"
11067,560991,"Men / Masters 35+ / Intermediate / -65,0 kg"
11067,560992,"Men / Masters 35+ / Intermediate / -70,0 kg"
11067,560993,"Men / Masters 35+ / Intermediate / -76,0 kg"
11067,562623,"Men / Masters 35+ / Intermediate / -83,0 kg"
11067,560994,"Men / Masters 35+ / Intermediate / -91,0 kg"
11067,560995,"Men / Masters 35+ / Intermediate / -100,0 kg"
11067,561003,Men / Masters 35+ / Intermediate / +100 kg
11067,561004,"Men / Masters 35+ / Advanced / -65,0 kg"
11067,561005,"Men / Masters 35+ / Advanced / -70,0 kg"
11067,561006,"Men / Masters 35+ / Advanced / -76,0 kg"
11067,561007,"Men / Masters 35+ / Advanced / -83,0 kg"
11067,561008,"Men / Masters 35+ / Advanced / -91,0 kg"
11067,561009,Men / Masters 35+ / Advanced / +100 kg
11067,562665,Mens Absolute / Adult / Advanced
11067,561912,"Girls [9-10 years] / Beginner / -28,0 kg"
11067,561987,"Girls [9-10 years] / Beginner / -36,0 kg"
11067,561913,"Girls [11-12 years] / Advanced / +44,0 kg"
11067,561914,"Girls [13-14 years] / Advanced / -55,0 kg"
11067,561933,"Girls [15-17 years] / Advanced / -50,0 kg"
11067,561915,"Girls [15-17 years] / Advanced / +60,0 kg"
11067,562009,"Boys [9-10 years] / Beginner / -28,0 kg"
11067,562008,"Boys [11-12 years] / Beginner / -32,0 kg"
11067,562007,"Boys [11-12 years] / Beginner / -36,0 kg"
11067,562006,"Boys [11-12 years] / Beginner / +44,0 kg"
11067,562005,"Boys [11-12 years] / Advanced / +44,0 kg"
11067,562004,"Boys [13-14 years] / Beginner / -50,0 kg"
11067,562003,"Boys [13-14 years] / Beginner / -55,0 kg"
11067,562002,"Boys [13-14 years] / Advanced / -50,0 kg"
11067,562618,"Boys [13-14 years] / Advanced / -55,0 kg"
11067,562001,"Boys [13-14 years] / Advanced / +55,0 kg"
11067,562000,"Boys [15-17 years] / Beginner / -60,0 kg"
11067,561999,"Boys [15-17 years] / Beginner / -65,0 kg"
11067,561998,"Boys [15-17 years] / Beginner / -70,0 kg"
11067,561997,"Boys [15-17 years] / Advanced / -60,0 kg"
11067,561996,"Boys [15-17 years] / Advanced / -65,0 kg"
11067,561995,"Boys [15-17 years] / Advanced / -70,0 kg"
11067,561994,"Boys [15-17 years] / Advanced / +80,0 kg"
