Match Number,Status,Competitor 1,Competitor 2,Bracket Link,Competitor 1 Profile,Competitor 2 Profile,Source URL
2-43,Finished,"Herra Rose The Last Dragon
      Alpha Miami Grappling","Sahara Wells
      ATOS  HQ",https://adcc.smoothcomp.com/en/event/19885/bracket/1318426,https://smoothcomp.com/en/profile/546119,https://smoothcomp.com/en/profile/340869,https://adcc.smoothcomp.com/en/event/19885/schedule/matchlist?page=1
3-38,Finished,"Giovanni Loria Jr.
      10th Planet Vancouver","Lucas Duarte
      BJJ Olympia",https://adcc.smoothcomp.com/en/event/19885/bracket/1318549,https://smoothcomp.com/en/profile/1044122,https://smoothcomp.com/en/profile/640026,https://adcc.smoothcomp.com/en/event/19885/schedule/matchlist?page=1
9-112,Finished,"Ben Richards
      Impact Jiu Jitsu Wilsonville","Joel Amundson
      Lone Wolf BJJ",https://adcc.smoothcomp.com/en/event/19885/bracket/1318630,https://smoothcomp.com/en/profile/1670287,https://smoothcomp.com/en/profile/1098158,https://adcc.smoothcomp.com/en/event/19885/schedule/matchlist?page=1
5-134,Finished,"Thomas Harper
      10th Planet Portland","Paul Yakis
      Impact Jiu Jitsu Salem",https://adcc.smoothcomp.com/en/event/19885/bracket/1318674,https://smoothcomp.com/en/profile/1412994,https://smoothcomp.com/en/profile/1081380,https://adcc.smoothcomp.com/en/event/19885/schedule/matchlist?page=1
10-108,Finished,"Samantha Deugan
      Grays Harbor Grappling Academy","Jerrah King
      Grey Wolf Brazilian Jiu-Jitsu",https://adcc.smoothcomp.com/en/event/19885/bracket/1318746,https://smoothcomp.com/en/profile/742705,https://smoothcomp.com/en/profile/880464,https://adcc.smoothcomp.com/en/event/19885/schedule/matchlist?page=1
6-35,Finished,"Drew Lawson
      Morumbi Jiu Jitsu","Brinley Wallin
      Team Butler Brazilian Jiu Jitsu - Bonney Lake",https://adcc.smoothcomp.com/en/event/19885/bracket/1319737,https://smoothcomp.com/en/profile/822016,https://smoothcomp.com/en/profile/1376053,https://adcc.smoothcomp.com/en/event/19885/schedule/matchlist?page=1
3-102,Finished,"Elyse Shaw
      The Tradewinds Network","Kelly Egge
      Conquest Self Defense",https://adcc.smoothcomp.com/en/event/19885/bracket/1320322,https://smoothcomp.com/en/profile/476916,https://smoothcomp.com/en/profile/667373,https://adcc.smoothcomp.com/en/event/19885/schedule/matchlist?page=1
1-1,Finished,"Kayan Eskandari
      V1sion Checkmat Ladera Ranch

            Won by Submission                          - 00:13","Finn Robertson
      Gracie Barra Kitsilano",https://adcc.smoothcomp.com/en/event/19885/bracket/1318530,https://smoothcomp.com/en/profile/737441,https://smoothcomp.com/en/profile/1033713,https://adcc.smoothcomp.com/en/event/19885/schedule/matchlist?page=1
9-1,Finished,"Sariah The Last Panda
      Alpha Miami Grappling

            Won by points                          - 04:00","Max Trutzschler
      Combat Arts Academy",https://adcc.smoothcomp.com/en/event/19885/bracket/1318513,https://smoothcomp.com/en/profile/1233816,https://smoothcomp.com/en/profile/1001245,https://adcc.smoothcomp.com/en/event/19885/schedule/matchlist?page=1
12-1,Finished,"Robbie Dodgin
      100 Kilos JiuJitsu

            Won by Submission                          - 01:59","Ben Vander Linden
      BJJ Olympia",https://adcc.smoothcomp.com/en/event/19885/bracket/1318514,https://smoothcomp.com/en/profile/1586221,https://smoothcomp.com/en/profile/1855727,https://adcc.smoothcomp.com/en/event/19885/schedule/matchlist?page=1
4-1,Finished,"Lukas Nelson
      Columns (CBJJ)","Holden McGlathery
      Siri Brazilian Jiu-Jitsu

            Won by points",https://adcc.smoothcomp.com/en/event/19885/bracket/1318525,https://smoothcomp.com/en/profile/1181632,https://smoothcomp.com/en/profile/1913803,https://adcc.smoothcomp.com/en/event/19885/schedule/matchlist?page=1
10-1,Finished,"Vesper Ortega
      Lōgōs JJ

            Won by Submission                          - 03:21","Mercedes Banegas
      Atos Temecula",https://adcc.smoothcomp.com/en/event/19885/bracket/1318391,https://smoothcomp.com/en/profile/781315,https://smoothcomp.com/en/profile/1892741,https://adcc.smoothcomp.com/en/event/19885/schedule/matchlist?page=1
2-1,Finished,"Meleah Banegas
      Atos Temecula","Medusa Banegas
      Atos Temecula

            Won by Submission                          - 01:40",https://adcc.smoothcomp.com/en/event/19885/bracket/1318389,https://smoothcomp.com/en/profile/1984186,https://smoothcomp.com/en/profile/1972829,https://adcc.smoothcomp.com/en/event/19885/schedule/matchlist?page=1
7-1,Finished,"Rocco Mata-Monks
      Drysdale/Zenith

            Won by Submission                          - 01:50","Alexis Erwin
      Impact Jiu Jitsu Keizer",https://adcc.smoothcomp.com/en/event/19885/bracket/1318517,https://smoothcomp.com/en/profile/1052436,https://smoothcomp.com/en/profile/1365709,https://adcc.smoothcomp.com/en/event/19885/schedule/matchlist?page=1
6-1,Finished,"Kenzo Yang
      Chesslab/att-pdx

            Won by Submission                          - 00:23","Jaxon Woodrum
      Copperhead Jiu Jitsu",https://adcc.smoothcomp.com/en/event/19885/bracket/1318515,https://smoothcomp.com/en/profile/1891347,https://smoothcomp.com/en/profile/1872430,https://adcc.smoothcomp.com/en/event/19885/schedule/matchlist?page=1
3-1,Finished,"Gracie Warner
      Redmond Grappling Academy

            Won by Submission                          - 01:32","Reagan Bradley
      Impact Jiu Jitsu Wilsonville",https://adcc.smoothcomp.com/en/event/19885/bracket/1318399,https://smoothcomp.com/en/profile/1893855,https://smoothcomp.com/en/profile/1995312,https://adcc.smoothcomp.com/en/event/19885/schedule/matchlist?page=1
11-1,Finished,"Jaxson Hollis
      10th Planet Las Vegas

            Won by Submission                          - 00:46","Easton Whalen
      Team Butler Brazilian Jiu Jitsu - Bonney Lake",https://adcc.smoothcomp.com/en/event/19885/bracket/1318527,https://smoothcomp.com/en/profile/676968,https://smoothcomp.com/en/profile/949976,https://adcc.smoothcomp.com/en/event/19885/schedule/matchlist?page=1
2-2,Finished,"Jordan Cottengim
      Gracie Barra Morgan Hill

            Won by Submission                          - 05:47","Lane Maher
      Honne Academy of Jiu-Jitsu",https://adcc.smoothcomp.com/en/event/19885/bracket/1318524,https://smoothcomp.com/en/profile/1288577,https://smoothcomp.com/en/profile/1145467,https://adcc.smoothcomp.com/en/event/19885/schedule/matchlist?page=1
8-2,Finished,"Charlotte Klinger
      Livewire MMA","Brylee Neault
      Redmond Grappling Academy

            Won by points                          - 06:00",https://adcc.smoothcomp.com/en/event/19885/bracket/1318899,https://smoothcomp.com/en/profile/1572158,https://smoothcomp.com/en/profile/1959236,https://adcc.smoothcomp.com/en/event/19885/schedule/matchlist?page=1
12-2,Finished,"Bradley Bittencourt
      Breno Bittencourt Brazilian JiuJitsu","Weston Rask
      Chesslab/att-pdx

            Won by Submission                          - 00:26",https://adcc.smoothcomp.com/en/event/19885/bracket/1318514,https://smoothcomp.com/en/profile/1647870,https://smoothcomp.com/en/profile/1615297,https://adcc.smoothcomp.com/en/event/19885/schedule/matchlist?page=1
5-1,Finished,"Robbie Dodgin
      100 Kilos JiuJitsu","Alex Schirliu
      Gracie Barra Kirkland

            Won by points                          - 04:00",https://adcc.smoothcomp.com/en/event/19885/bracket/1318516,https://smoothcomp.com/en/profile/1586221,https://smoothcomp.com/en/profile/1390197,https://adcc.smoothcomp.com/en/event/19885/schedule/matchlist?page=1
10-2,Finished,"Maddison Mattly
      Gracie Barra Ocotillo","Caeawen Adriano
      Art of JiuJitsu

            Won by points                          - 04:00",https://adcc.smoothcomp.com/en/event/19885/bracket/1318391,https://smoothcomp.com/en/profile/1143366,https://smoothcomp.com/en/profile/1190623,https://adcc.smoothcomp.com/en/event/19885/schedule/matchlist?page=1
9-2,Finished,"Jade Hadley
      The Base Vancouver

            Won by Submission                          - 00:44","TaliAnn Damian
      Logic Jiu Jitsu Club",https://adcc.smoothcomp.com/en/event/19885/bracket/1318390,https://smoothcomp.com/en/profile/773799,https://smoothcomp.com/en/profile/1323692,https://adcc.smoothcomp.com/en/event/19885/schedule/matchlist?page=1
1-2,Finished,"Oliver Jasinski
      ON GUARD BRAZILIAN JIU JITSU

            Won by Submission                          - 00:59","Denton West
      Team Butler Brazilian Jiu Jitsu - Bonney Lake",https://adcc.smoothcomp.com/en/event/19885/bracket/1318530,https://smoothcomp.com/en/profile/543511,https://smoothcomp.com/en/profile/955932,https://adcc.smoothcomp.com/en/event/19885/schedule/matchlist?page=1
6-2,Finished,"Kenzo Wilkins
      Combat Arts Academy","Leo Wagemann
      BJJ Olympia

            Won by points                          - 04:00",https://adcc.smoothcomp.com/en/event/19885/bracket/1318515,https://smoothcomp.com/en/profile/1636443,https://smoothcomp.com/en/profile/1589334,https://adcc.smoothcomp.com/en/event/19885/schedule/matchlist?page=1
3-2,Finished,"Jaxson Hollis
      10th Planet Las Vegas

            Won by Submission                          - 01:04","Chase Orth
      Siri Brazilian Jiu-Jitsu",https://adcc.smoothcomp.com/en/event/19885/bracket/1318531,https://smoothcomp.com/en/profile/676968,https://smoothcomp.com/en/profile/965613,https://adcc.smoothcomp.com/en/event/19885/schedule/matchlist?page=1
12-3,Finished,"Grayson Rasmussen
      Redmond Grappling Academy","Lukas Nelson
      Columns (CBJJ)

            Won by Submission                          - 01:15",https://adcc.smoothcomp.com/en/event/19885/bracket/1318514,https://smoothcomp.com/en/profile/1646676,https://smoothcomp.com/en/profile/1181632,https://adcc.smoothcomp.com/en/event/19885/schedule/matchlist?page=1
3-3,Finished,"Gracie Warner
      Redmond Grappling Academy

            Won by Submission                          - 01:40","Reagan Bradley
      Impact Jiu Jitsu Wilsonville",https://adcc.smoothcomp.com/en/event/19885/bracket/1318399,https://smoothcomp.com/en/profile/1893855,https://smoothcomp.com/en/profile/1995312,https://adcc.smoothcomp.com/en/event/19885/schedule/matchlist?page=1
8-3,Finished,"Colton Havens
      Impact Jiu Jitsu McMinnville

            Won by Submission                          - 01:04","Jeremy Baker
      Team Butler Brazilian Jiu Jitsu - Bonney Lake",https://adcc.smoothcomp.com/en/event/19885/bracket/1318545,https://smoothcomp.com/en/profile/1725495,https://smoothcomp.com/en/profile/1722552,https://adcc.smoothcomp.com/en/event/19885/schedule/matchlist?page=1
11-4,Finished,"Theodore-Barry Campbell
      ON GUARD BRAZILIAN JIU JITSU","Cyprien Ally
      ATOS  HQ

            Won by Submission                          - 00:24",https://adcc.smoothcomp.com/en/event/19885/bracket/1318527,https://smoothcomp.com/en/profile/964317,https://smoothcomp.com/en/profile/888346,https://adcc.smoothcomp.com/en/event/19885/schedule/matchlist?page=1
4-2,Finished,"Lewis Hoff
      Legacy Jiu-Jitsu Academy - Richland

            Won by points","Charlie Momotok
      Technique Lab Jiu Jitsu Academy",https://adcc.smoothcomp.com/en/event/19885/bracket/1318525,https://smoothcomp.com/en/profile/1230737,https://smoothcomp.com/en/profile/1660622,https://adcc.smoothcomp.com/en/event/19885/schedule/matchlist?page=1
2-3,Finished,"Meleah Banegas
      Atos Temecula

            Won by Submission                          - 01:18","Medusa Banegas
      Atos Temecula",https://adcc.smoothcomp.com/en/event/19885/bracket/1318389,https://smoothcomp.com/en/profile/1984186,https://smoothcomp.com/en/profile/1972829,https://adcc.smoothcomp.com/en/event/19885/schedule/matchlist?page=1
10-3,Finished,"Arabella Brackett
      Atos Jiu-Jitsu Las Vegas","Vesper Ortega
      Lōgōs JJ

            Won by Submission                          - 02:48",https://adcc.smoothcomp.com/en/event/19885/bracket/1318391,https://smoothcomp.com/en/profile/780958,https://smoothcomp.com/en/profile/781315,https://adcc.smoothcomp.com/en/event/19885/schedule/matchlist?page=2
5-2,Finished,"Fausto Zurita
      Chesslab/att-pdx","Sariah The Last Panda
      Alpha Miami Grappling

            Won by Submission                          - 00:33",https://adcc.smoothcomp.com/en/event/19885/bracket/1318516,https://smoothcomp.com/en/profile/1294496,https://smoothcomp.com/en/profile/1233816,https://adcc.smoothcomp.com/en/event/19885/schedule/matchlist?page=2
1-3,Finished,"Jacques Finley
      Grit Jiu Jitsu & Muay Thai

            Won by Submission                          - 00:11","Carson Linder
      Lone Wolf BJJ",https://adcc.smoothcomp.com/en/event/19885/bracket/1318530,https://smoothcomp.com/en/profile/1101323,https://smoothcomp.com/en/profile/1165301,https://adcc.smoothcomp.com/en/event/19885/schedule/matchlist?page=2
11-3,Finished,"Jason Heck
      Team Butler Brazilian Jiu Jitsu - Bonney Lake

            Won by points                          - 04:00","Keyan Eskandari
      V1sion Checkmat Ladera Ranch",https://adcc.smoothcomp.com/en/event/19885/bracket/1318527,https://smoothcomp.com/en/profile/1107416,https://smoothcomp.com/en/profile/737436,https://adcc.smoothcomp.com/en/event/19885/schedule/matchlist?page=2
8-1,Finished,"Keisi Jacobo
      Logic Jiu Jitsu Club

            Won by Submission                          - 05:04","Vianna Ji
      Sleeper Jiu Jitsu",https://adcc.smoothcomp.com/en/event/19885/bracket/1318899,https://smoothcomp.com/en/profile/1215476,https://smoothcomp.com/en/profile/1471124,https://adcc.smoothcomp.com/en/event/19885/schedule/matchlist?page=2
1-4,Finished,"Maverick Dietz
      Gracie Barra Morgan Hill

            Won by Submission                          - 00:44","Rainier Curtis
      ON GUARD BRAZILIAN JIU JITSU",https://adcc.smoothcomp.com/en/event/19885/bracket/1318530,https://smoothcomp.com/en/profile/1869514,https://smoothcomp.com/en/profile/747016,https://adcc.smoothcomp.com/en/event/19885/schedule/matchlist?page=2
2-5,Finished,"Meleah Banegas
      Atos Temecula","Medusa Banegas
      Atos Temecula

            Won by Submission                          - 01:51",https://adcc.smoothcomp.com/en/event/19885/bracket/1318389,https://smoothcomp.com/en/profile/1984186,https://smoothcomp.com/en/profile/1972829,https://adcc.smoothcomp.com/en/event/19885/schedule/matchlist?page=2
9-3,Finished,"Sariah The Last Panda
      Alpha Miami Grappling

            Won by points                          - 04:00","Max Trutzschler
      Combat Arts Academy",https://adcc.smoothcomp.com/en/event/19885/bracket/1318513,https://smoothcomp.com/en/profile/1233816,https://smoothcomp.com/en/profile/1001245,https://adcc.smoothcomp.com/en/event/19885/schedule/matchlist?page=2
7-3,Finished,"Walter Miller
      Lone Wolf BJJ","Archer Lanham
      Logic Jiu Jitsu Club

            Won by Submission                          - 00:26",https://adcc.smoothcomp.com/en/event/19885/bracket/1318523,https://smoothcomp.com/en/profile/1452506,https://smoothcomp.com/en/profile/742659,https://adcc.smoothcomp.com/en/event/19885/schedule/matchlist?page=2
1-5,Finished,"Mason Le
      Team Butler Brazilian Jiu Jitsu - Bonney Lake

            Won by Submission                          - 01:34","Jayton Ilae
      The Base Vancouver",https://adcc.smoothcomp.com/en/event/19885/bracket/1318530,https://smoothcomp.com/en/profile/564744,https://smoothcomp.com/en/profile/1187899,https://adcc.smoothcomp.com/en/event/19885/schedule/matchlist?page=2
12-5,Finished,"Weston Rask
      Chesslab/att-pdx

            Won by Submission                          - 02:11","Lukas Nelson
      Columns (CBJJ)",https://adcc.smoothcomp.com/en/event/19885/bracket/1318514,https://smoothcomp.com/en/profile/1615297,https://smoothcomp.com/en/profile/1181632,https://adcc.smoothcomp.com/en/event/19885/schedule/matchlist?page=2
6-3,Finished,"Makai Wilkins
      Combat Arts Academy","Kenzo Yang
      Chesslab/att-pdx

            Won by Submission                          - 02:09",https://adcc.smoothcomp.com/en/event/19885/bracket/1318515,https://smoothcomp.com/en/profile/1636438,https://smoothcomp.com/en/profile/1891347,https://adcc.smoothcomp.com/en/event/19885/schedule/matchlist?page=2
5-4,Finished,"Jed Zaik
      Impact Jiu Jitsu McMinnville

            Won by Submission                          - 00:39","Orrin McKay
      Livewire MMA",https://adcc.smoothcomp.com/en/event/19885/bracket/1318528,https://smoothcomp.com/en/profile/1731376,https://smoothcomp.com/en/profile/1784026,https://adcc.smoothcomp.com/en/event/19885/schedule/matchlist?page=2
7-2,Finished,"Alex Schirliu
      Gracie Barra Kirkland

            Won by Submission                          - 01:43","Quinton Linder
      Lone Wolf BJJ",https://adcc.smoothcomp.com/en/event/19885/bracket/1318517,https://smoothcomp.com/en/profile/1390197,https://smoothcomp.com/en/profile/1165302,https://adcc.smoothcomp.com/en/event/19885/schedule/matchlist?page=2
11-2,Finished,"Gabriel D. Myers
      Atos Jiu-Jitsu Las Vegas","Jordan Cottengim
      Gracie Barra Morgan Hill

            Won by Submission                          - 01:28",https://adcc.smoothcomp.com/en/event/19885/bracket/1318527,https://smoothcomp.com/en/profile/531565,https://smoothcomp.com/en/profile/1288577,https://adcc.smoothcomp.com/en/event/19885/schedule/matchlist?page=2
2-4,Finished,"Logan Blevens
      Brazilian Top Team- Pacific Northwest","Keyan Eskandari
      V1sion Checkmat Ladera Ranch

            Won by Submission                          - 03:43",https://adcc.smoothcomp.com/en/event/19885/bracket/1318524,https://smoothcomp.com/en/profile/911936,https://smoothcomp.com/en/profile/737436,https://adcc.smoothcomp.com/en/event/19885/schedule/matchlist?page=2
8-4,Finished,"Kingsten Choi-Flores
      Team Butler Brazilian Jiu Jitsu - Bonney Lake

            Won by points                          - 04:00","MacKinley Bradley
      Impact Jiu Jitsu Wilsonville",https://adcc.smoothcomp.com/en/event/19885/bracket/1318545,https://smoothcomp.com/en/profile/1961278,https://smoothcomp.com/en/profile/1995209,https://adcc.smoothcomp.com/en/event/19885/schedule/matchlist?page=2
3-4,Finished,"Jason Heck
      Team Butler Brazilian Jiu Jitsu - Bonney Lake

            Won by Submission                          - 01:42","Cyprien Ally
      ATOS  HQ",https://adcc.smoothcomp.com/en/event/19885/bracket/1318531,https://smoothcomp.com/en/profile/1107416,https://smoothcomp.com/en/profile/888346,https://adcc.smoothcomp.com/en/event/19885/schedule/matchlist?page=2
6-4,Finished,"Charlie Bowers
      Royal Jiu Jitsu

            Won by Submission                          - 02:21","Maverick Dietz
      Gracie Barra Morgan Hill",https://adcc.smoothcomp.com/en/event/19885/bracket/1318526,https://smoothcomp.com/en/profile/926782,https://smoothcomp.com/en/profile/1869514,https://adcc.smoothcomp.com/en/event/19885/schedule/matchlist?page=2
,Finished,"Mavis Miller
      Lone Wolf BJJ","Robbie Dodgin
      100 Kilos JiuJitsu

            Won by Walkover",https://adcc.smoothcomp.com/en/event/19885/bracket/1318514,https://smoothcomp.com/en/profile/1618326,https://smoothcomp.com/en/profile/1586221,https://adcc.smoothcomp.com/en/event/19885/schedule/matchlist?page=2
4-3,Finished,"Judah VanNauker
      Legacy Jiu-Jitsu Academy - Richland","Holden McGlathery
      Siri Brazilian Jiu-Jitsu

            Won by Submission                          - 00:37",https://adcc.smoothcomp.com/en/event/19885/bracket/1318525,https://smoothcomp.com/en/profile/1207174,https://smoothcomp.com/en/profile/1913803,https://adcc.smoothcomp.com/en/event/19885/schedule/matchlist?page=2
1-6,Finished,"Raiden Balin
      ATOS Northwest","Matias Sanchez
      Columns (CBJJ)

            Won by Submission                          - 01:49",https://adcc.smoothcomp.com/en/event/19885/bracket/1318530,https://smoothcomp.com/en/profile/915668,https://smoothcomp.com/en/profile/1183488,https://adcc.smoothcomp.com/en/event/19885/schedule/matchlist?page=2
9-4,Finished,"Mercedes Banegas
      Atos Temecula

            Won by Submission                          - 03:25","Elizabeth Payan
      Apex BJJ Bonita",https://adcc.smoothcomp.com/en/event/19885/bracket/1318390,https://smoothcomp.com/en/profile/1892741,https://smoothcomp.com/en/profile/1412590,https://adcc.smoothcomp.com/en/event/19885/schedule/matchlist?page=2
11-7,Finished,"Easton Whalen
      Team Butler Brazilian Jiu Jitsu - Bonney Lake","Gabriel D. Myers
      Atos Jiu-Jitsu Las Vegas

            Won by Submission                          - 00:38",https://adcc.smoothcomp.com/en/event/19885/bracket/1318527,https://smoothcomp.com/en/profile/949976,https://smoothcomp.com/en/profile/531565,https://adcc.smoothcomp.com/en/event/19885/schedule/matchlist?page=2
7-4,Finished,"Alexis Erwin
      Impact Jiu Jitsu Keizer

            Won by points                          - 04:00","Quinton Linder
      Lone Wolf BJJ",https://adcc.smoothcomp.com/en/event/19885/bracket/1318517,https://smoothcomp.com/en/profile/1365709,https://smoothcomp.com/en/profile/1165302,https://adcc.smoothcomp.com/en/event/19885/schedule/matchlist?page=2
10-4,Finished,"Jude Lawson
      TRUJITSU / Bakersfield","Dan Risman
      10th Planet Calgary

            Won by Submission                          - 01:13",https://adcc.smoothcomp.com/en/event/19885/bracket/1318536,https://smoothcomp.com/en/profile/1450270,https://smoothcomp.com/en/profile/498317,https://adcc.smoothcomp.com/en/event/19885/schedule/matchlist?page=2
12-6,Finished,"McKenzie Martinson
      Breno Bittencourt Brazilian JiuJitsu

            Won by Submission                          - 00:32","Xochitl Meza
      GUERRILLA JIU-JITSU",https://adcc.smoothcomp.com/en/event/19885/bracket/1318392,https://smoothcomp.com/en/profile/1450158,https://smoothcomp.com/en/profile/1398393,https://adcc.smoothcomp.com/en/event/19885/schedule/matchlist?page=2
5-5,Finished,"Robbie Dodgin
      100 Kilos JiuJitsu

            Won by Submission                          - 00:17","Fausto Zurita
      Chesslab/att-pdx",https://adcc.smoothcomp.com/en/event/19885/bracket/1318516,https://smoothcomp.com/en/profile/1586221,https://smoothcomp.com/en/profile/1294496,https://adcc.smoothcomp.com/en/event/19885/schedule/matchlist?page=2
2-6,Finished,"Gabriel D. Myers
      Atos Jiu-Jitsu Las Vegas

            Won by Submission                          - 00:30","Fisher Fournier
      Livewire MMA",https://adcc.smoothcomp.com/en/event/19885/bracket/1318524,https://smoothcomp.com/en/profile/531565,https://smoothcomp.com/en/profile/1370188,https://adcc.smoothcomp.com/en/event/19885/schedule/matchlist?page=2
3-7,Finished,"Dan Risman
      10th Planet Calgary","Jack Knick
      GRPL Club

            Won by Submission                          - 01:33",https://adcc.smoothcomp.com/en/event/19885/bracket/1318541,https://smoothcomp.com/en/profile/498317,https://smoothcomp.com/en/profile/651670,https://adcc.smoothcomp.com/en/event/19885/schedule/matchlist?page=2
8-6,Finished,"Pierce Choi-Flores
      Team Butler Brazilian Jiu Jitsu - Bonney Lake","Colton Havens
      Impact Jiu Jitsu McMinnville

            Won by Submission                          - 02:51",https://adcc.smoothcomp.com/en/event/19885/bracket/1318545,https://smoothcomp.com/en/profile/1961303,https://smoothcomp.com/en/profile/1725495,https://adcc.smoothcomp.com/en/event/19885/schedule/matchlist?page=2
6-5,Finished,"Jaxon Woodrum
      Copperhead Jiu Jitsu","Kenzo Wilkins
      Combat Arts Academy

            Won by Submission                          - 00:24",https://adcc.smoothcomp.com/en/event/19885/bracket/1318515,https://smoothcomp.com/en/profile/1872430,https://smoothcomp.com/en/profile/1636443,https://adcc.smoothcomp.com/en/event/19885/schedule/matchlist?page=2
5-6,Finished,"Carlyle Lamance
      Redmond Grappling Academy","Odin Ji
      Sleeper Jiu Jitsu

            Won by Submission                          - 00:08",https://adcc.smoothcomp.com/en/event/19885/bracket/1318528,https://smoothcomp.com/en/profile/1638495,https://smoothcomp.com/en/profile/1470576,https://adcc.smoothcomp.com/en/event/19885/schedule/matchlist?page=3
4-4,Finished,"Denton West
      Team Butler Brazilian Jiu Jitsu - Bonney Lake","Adriel Rasmussen
      Redmond Grappling Academy

            Won by points                          - 04:00",https://adcc.smoothcomp.com/en/event/19885/bracket/1318539,https://smoothcomp.com/en/profile/955932,https://smoothcomp.com/en/profile/1167719,https://adcc.smoothcomp.com/en/event/19885/schedule/matchlist?page=3
12-7,Finished,"Bradley Bittencourt
      Breno Bittencourt Brazilian JiuJitsu","Grayson Rasmussen
      Redmond Grappling Academy

            Won by Submission                          - 00:26",https://adcc.smoothcomp.com/en/event/19885/bracket/1318514,https://smoothcomp.com/en/profile/1647870,https://smoothcomp.com/en/profile/1646676,https://adcc.smoothcomp.com/en/event/19885/schedule/matchlist?page=3
11-6,Finished,"Jason Heck
      Team Butler Brazilian Jiu Jitsu - Bonney Lake

            Won by Submission                          - 01:15","Cyprien Ally
      ATOS  HQ",https://adcc.smoothcomp.com/en/event/19885/bracket/1318527,https://smoothcomp.com/en/profile/1107416,https://smoothcomp.com/en/profile/888346,https://adcc.smoothcomp.com/en/event/19885/schedule/matchlist?page=3
9-6,Finished,"Caeawen Adriano
      Art of JiuJitsu

            Won by Submission                          - 00:53","Jade Hadley
      The Base Vancouver",https://adcc.smoothcomp.com/en/event/19885/bracket/1318390,https://smoothcomp.com/en/profile/1190623,https://smoothcomp.com/en/profile/773799,https://adcc.smoothcomp.com/en/event/19885/schedule/matchlist?page=3
2-7,Finished,"Finn Robertson
      Gracie Barra Kitsilano","Max Trutzschler
      Combat Arts Academy

            Won by Submission                          - 02:34",https://adcc.smoothcomp.com/en/event/19885/bracket/1318524,https://smoothcomp.com/en/profile/1033713,https://smoothcomp.com/en/profile/1001245,https://adcc.smoothcomp.com/en/event/19885/schedule/matchlist?page=3
10-6,Finished,"James Lawson
      TRUJITSU / Bakersfield","Mason Choi
      10th Planet Oakland

            Won by Submission                          - 00:12",https://adcc.smoothcomp.com/en/event/19885/bracket/1318536,https://smoothcomp.com/en/profile/1458269,https://smoothcomp.com/en/profile/243143,https://adcc.smoothcomp.com/en/event/19885/schedule/matchlist?page=3
7-5,Finished,"Thaddeus Fannemel
      Team Butler Brazilian Jiu Jitsu - Bonney Lake

            Won by Submission                          - 05:22","Lawson Locke
      Brazilian Top Team- Pacific Northwest",https://adcc.smoothcomp.com/en/event/19885/bracket/1318523,https://smoothcomp.com/en/profile/1469829,https://smoothcomp.com/en/profile/888312,https://adcc.smoothcomp.com/en/event/19885/schedule/matchlist?page=3
1-7,Finished,"Ty Wagemann
      BJJ Olympia

            Won by Submission                          - 01:03","Fisher Fournier
      Livewire MMA",https://adcc.smoothcomp.com/en/event/19885/bracket/1318530,https://smoothcomp.com/en/profile/1434212,https://smoothcomp.com/en/profile/1370188,https://adcc.smoothcomp.com/en/event/19885/schedule/matchlist?page=3
5-3,Finished,"Rocco Mata-Monks
      Drysdale/Zenith","Alex Schirliu
      Gracie Barra Kirkland

            Won by points                          - 04:00",https://adcc.smoothcomp.com/en/event/19885/bracket/1318516,https://smoothcomp.com/en/profile/1052436,https://smoothcomp.com/en/profile/1390197,https://adcc.smoothcomp.com/en/event/19885/schedule/matchlist?page=3
6-7,Finished,"Kenzo Wilkins
      Combat Arts Academy

            Won by Submission                          - 00:44","Makai Wilkins
      Combat Arts Academy",https://adcc.smoothcomp.com/en/event/19885/bracket/1318515,https://smoothcomp.com/en/profile/1636443,https://smoothcomp.com/en/profile/1636438,https://adcc.smoothcomp.com/en/event/19885/schedule/matchlist?page=3
12-8,Finished,"Victoria Bueno
      ATOS  HQ

            Won by Submission                          - 00:42","McKenzie Martinson
      Breno Bittencourt Brazilian JiuJitsu",https://adcc.smoothcomp.com/en/event/19885/bracket/1318392,https://smoothcomp.com/en/profile/773538,https://smoothcomp.com/en/profile/1450158,https://adcc.smoothcomp.com/en/event/19885/schedule/matchlist?page=3
11-5,Finished,"Jaxson Hollis
      10th Planet Las Vegas

            Won by Submission                          - 00:35","Jordan Cottengim
      Gracie Barra Morgan Hill",https://adcc.smoothcomp.com/en/event/19885/bracket/1318527,https://smoothcomp.com/en/profile/676968,https://smoothcomp.com/en/profile/1288577,https://adcc.smoothcomp.com/en/event/19885/schedule/matchlist?page=3
10-5,Finished,"Mercedes Banegas
      Atos Temecula","Maddison Mattly
      Gracie Barra Ocotillo

            Won by points                          - 04:00",https://adcc.smoothcomp.com/en/event/19885/bracket/1318391,https://smoothcomp.com/en/profile/1892741,https://smoothcomp.com/en/profile/1143366,https://adcc.smoothcomp.com/en/event/19885/schedule/matchlist?page=3
3-8,Finished,"Noah Lopez
      ATOS  HQ

            Won by points                          - 04:00","Xander Nguyen
      The Base Vancouver",https://adcc.smoothcomp.com/en/event/19885/bracket/1318541,https://smoothcomp.com/en/profile/417661,https://smoothcomp.com/en/profile/1198294,https://adcc.smoothcomp.com/en/event/19885/schedule/matchlist?page=3
8-7,Finished,"Vianna Ji
      Sleeper Jiu Jitsu","Charlotte Klinger
      Livewire MMA

            Won by points                          - 06:00",https://adcc.smoothcomp.com/en/event/19885/bracket/1318899,https://smoothcomp.com/en/profile/1471124,https://smoothcomp.com/en/profile/1572158,https://adcc.smoothcomp.com/en/event/19885/schedule/matchlist?page=3
6-8,Finished,"Kayan Eskandari
      V1sion Checkmat Ladera Ranch

            Won by points                          - 04:00","Theodore-Barry Campbell
      10th Planet Vancouver",https://adcc.smoothcomp.com/en/event/19885/bracket/1318526,https://smoothcomp.com/en/profile/737441,https://smoothcomp.com/en/profile/964317,https://adcc.smoothcomp.com/en/event/19885/schedule/matchlist?page=3
,Finished,"Grayson Rasmussen
      Redmond Grappling Academy

            Won by Walkover","Mavis Miller
      Lone Wolf BJJ",https://adcc.smoothcomp.com/en/event/19885/bracket/1318514,https://smoothcomp.com/en/profile/1646676,https://smoothcomp.com/en/profile/1618326,https://adcc.smoothcomp.com/en/event/19885/schedule/matchlist?page=3
1-9,Finished,"Charlie Bowers
      Royal Jiu Jitsu

            Won by Submission                          - 00:24","Jacques Finley
      Grit Jiu Jitsu & Muay Thai",https://adcc.smoothcomp.com/en/event/19885/bracket/1318530,https://smoothcomp.com/en/profile/926782,https://smoothcomp.com/en/profile/1101323,https://adcc.smoothcomp.com/en/event/19885/schedule/matchlist?page=3
5-7,Finished,"Owen Wagemann
      BJJ Olympia

            Won by Submission                          - 01:33","Eli Herrera
      ATOS Northwest",https://adcc.smoothcomp.com/en/event/19885/bracket/1318528,https://smoothcomp.com/en/profile/1434217,https://smoothcomp.com/en/profile/1965708,https://adcc.smoothcomp.com/en/event/19885/schedule/matchlist?page=3
10-7,Finished,"Vesper Ortega
      Lōgōs JJ

            Won by points                          - 04:00","Caeawen Adriano
      Art of JiuJitsu",https://adcc.smoothcomp.com/en/event/19885/bracket/1318391,https://smoothcomp.com/en/profile/781315,https://smoothcomp.com/en/profile/1190623,https://adcc.smoothcomp.com/en/event/19885/schedule/matchlist?page=3
12-4,Finished,"Ben Vander Linden
      BJJ Olympia","Lukas Nelson
      Columns (CBJJ)

            Won by Submission                          - 00:55",https://adcc.smoothcomp.com/en/event/19885/bracket/1318514,https://smoothcomp.com/en/profile/1855727,https://smoothcomp.com/en/profile/1181632,https://adcc.smoothcomp.com/en/event/19885/schedule/matchlist?page=3
2-10,Finished,"Keyan Eskandari
      V1sion Checkmat Ladera Ranch

            Won by points                          - 04:00","Gabriel D. Myers
      Atos Jiu-Jitsu Las Vegas",https://adcc.smoothcomp.com/en/event/19885/bracket/1318524,https://smoothcomp.com/en/profile/737436,https://smoothcomp.com/en/profile/531565,https://adcc.smoothcomp.com/en/event/19885/schedule/matchlist?page=3
3-5,Finished,"Jaxson Hollis
      10th Planet Las Vegas

            Won by points                          - 03:59","Jason Heck
      Team Butler Brazilian Jiu Jitsu - Bonney Lake",https://adcc.smoothcomp.com/en/event/19885/bracket/1318531,https://smoothcomp.com/en/profile/676968,https://smoothcomp.com/en/profile/1107416,https://adcc.smoothcomp.com/en/event/19885/schedule/matchlist?page=3
9-5,Finished,"Mercedes Banegas
      Atos Temecula

            Won by Submission                          - 03:15","Maddison Mattly
      Gracie Barra Ocotillo",https://adcc.smoothcomp.com/en/event/19885/bracket/1318390,https://smoothcomp.com/en/profile/1892741,https://smoothcomp.com/en/profile/1143366,https://adcc.smoothcomp.com/en/event/19885/schedule/matchlist?page=3
6-6,Finished,"Kenzo Yang
      Chesslab/att-pdx

            Won by Submission                          - 00:34","Leo Wagemann
      BJJ Olympia",https://adcc.smoothcomp.com/en/event/19885/bracket/1318515,https://smoothcomp.com/en/profile/1891347,https://smoothcomp.com/en/profile/1589334,https://adcc.smoothcomp.com/en/event/19885/schedule/matchlist?page=3
8-5,Finished,"Keisi Jacobo
      Logic Jiu Jitsu Club

            Won by points                          - 06:00","Brylee Neault
      Redmond Grappling Academy",https://adcc.smoothcomp.com/en/event/19885/bracket/1318899,https://smoothcomp.com/en/profile/1215476,https://smoothcomp.com/en/profile/1959236,https://adcc.smoothcomp.com/en/event/19885/schedule/matchlist?page=3
7-6,Finished,"Rocco Mata-Monks
      Drysdale/Zenith

            Won by Submission                          - 02:53","Alex Schirliu
      Gracie Barra Kirkland",https://adcc.smoothcomp.com/en/event/19885/bracket/1318517,https://smoothcomp.com/en/profile/1052436,https://smoothcomp.com/en/profile/1390197,https://adcc.smoothcomp.com/en/event/19885/schedule/matchlist?page=3
4-5,Finished,"Lukas Nelson
      Columns (CBJJ)","Charlie Momotok
      Technique Lab Jiu Jitsu Academy

            Won by Submission                          - 02:31",https://adcc.smoothcomp.com/en/event/19885/bracket/1318525,https://smoothcomp.com/en/profile/1181632,https://smoothcomp.com/en/profile/1660622,https://adcc.smoothcomp.com/en/event/19885/schedule/matchlist?page=3
1-8,Finished,"Kayan Eskandari
      V1sion Checkmat Ladera Ranch

            Won by points                          - 04:00","Oliver Jasinski
      ON GUARD BRAZILIAN JIU JITSU",https://adcc.smoothcomp.com/en/event/19885/bracket/1318530,https://smoothcomp.com/en/profile/737441,https://smoothcomp.com/en/profile/543511,https://adcc.smoothcomp.com/en/event/19885/schedule/matchlist?page=3
12-10,Finished,"Robbie Dodgin
      100 Kilos JiuJitsu","Weston Rask
      Chesslab/att-pdx

            Won by Submission                          - 02:20",https://adcc.smoothcomp.com/en/event/19885/bracket/1318514,https://smoothcomp.com/en/profile/1586221,https://smoothcomp.com/en/profile/1615297,https://adcc.smoothcomp.com/en/event/19885/schedule/matchlist?page=3
6-9,Finished,"Charlie Bowers
      Royal Jiu Jitsu

            Won by Submission                          - 01:03","Jacques Finley
      Grit Jiu Jitsu & Muay Thai",https://adcc.smoothcomp.com/en/event/19885/bracket/1318526,https://smoothcomp.com/en/profile/926782,https://smoothcomp.com/en/profile/1101323,https://adcc.smoothcomp.com/en/event/19885/schedule/matchlist?page=3
11-11,Finished,"Kainalu Arizumi
      10th Planet Portland

            Won by Submission                          - 00:55","Kingsley Erwin
      Impact Jiu Jitsu Keizer",https://adcc.smoothcomp.com/en/event/19885/bracket/1318420,https://smoothcomp.com/en/profile/985873,https://smoothcomp.com/en/profile/1365708,https://adcc.smoothcomp.com/en/event/19885/schedule/matchlist?page=4
2-9,Finished,"Thaddeus Fannemel
      Team Butler Brazilian Jiu Jitsu - Bonney Lake","Jordan Cottengim
      Gracie Barra Morgan Hill

            Won by points                          - 06:00",https://adcc.smoothcomp.com/en/event/19885/bracket/1318524,https://smoothcomp.com/en/profile/1469829,https://smoothcomp.com/en/profile/1288577,https://adcc.smoothcomp.com/en/event/19885/schedule/matchlist?page=4
5-10,Finished,"Gracie Warner
      Redmond Grappling Academy","Jed Zaik
      Impact Jiu Jitsu McMinnville

            Won by Submission                          - 00:47",https://adcc.smoothcomp.com/en/event/19885/bracket/1318528,https://smoothcomp.com/en/profile/1893855,https://smoothcomp.com/en/profile/1731376,https://adcc.smoothcomp.com/en/event/19885/schedule/matchlist?page=4
3-6,Finished,"Cyprien Ally
      ATOS  HQ

            Won by points                          - 06:00","Chase Orth
      Siri Brazilian Jiu-Jitsu",https://adcc.smoothcomp.com/en/event/19885/bracket/1318531,https://smoothcomp.com/en/profile/888346,https://smoothcomp.com/en/profile/965613,https://adcc.smoothcomp.com/en/event/19885/schedule/matchlist?page=4
9-7,Finished,"Elizabeth Payan
      Apex BJJ Bonita","Jade Hadley
      The Base Vancouver

            Won by Decision                          - 06:00",https://adcc.smoothcomp.com/en/event/19885/bracket/1318390,https://smoothcomp.com/en/profile/1412590,https://smoothcomp.com/en/profile/773799,https://adcc.smoothcomp.com/en/event/19885/schedule/matchlist?page=4
6-11,Finished,"Nolan Sidelinger
      Team Butler Brazilian Jiu Jitsu - Bonney Lake

            Won by Submission                          - 00:34","Jonas Hanzely
      ON GUARD BRAZILIAN JIU JITSU",https://adcc.smoothcomp.com/en/event/19885/bracket/1318529,https://smoothcomp.com/en/profile/610712,https://smoothcomp.com/en/profile/1597573,https://adcc.smoothcomp.com/en/event/19885/schedule/matchlist?page=4
8-8,Finished,"Jeremy Baker
      Team Butler Brazilian Jiu Jitsu - Bonney Lake

            Won by Submission                          - 00:18","MacKinley Bradley
      Impact Jiu Jitsu Wilsonville",https://adcc.smoothcomp.com/en/event/19885/bracket/1318545,https://smoothcomp.com/en/profile/1722552,https://smoothcomp.com/en/profile/1995209,https://adcc.smoothcomp.com/en/event/19885/schedule/matchlist?page=4
7-7,Finished,"Connor Nelson
      Columns (CBJJ)","Archer Lanham
      Logic Jiu Jitsu Club

            Won by Submission                          - 02:20",https://adcc.smoothcomp.com/en/event/19885/bracket/1318523,https://smoothcomp.com/en/profile/978656,https://smoothcomp.com/en/profile/742659,https://adcc.smoothcomp.com/en/event/19885/schedule/matchlist?page=4
10-8,Finished,"Maddison Mattly
      Gracie Barra Ocotillo","Arabella Brackett
      Atos Jiu-Jitsu Las Vegas

            Won by Submission                          - 01:34",https://adcc.smoothcomp.com/en/event/19885/bracket/1318391,https://smoothcomp.com/en/profile/1143366,https://smoothcomp.com/en/profile/780958,https://adcc.smoothcomp.com/en/event/19885/schedule/matchlist?page=4
4-6,Finished,"Holden McGlathery
      Siri Brazilian Jiu-Jitsu

            Won by Submission                          - 01:52","Lewis Hoff
      Legacy Jiu-Jitsu Academy - Richland",https://adcc.smoothcomp.com/en/event/19885/bracket/1318525,https://smoothcomp.com/en/profile/1913803,https://smoothcomp.com/en/profile/1230737,https://adcc.smoothcomp.com/en/event/19885/schedule/matchlist?page=4
11-8,Finished,"Keyan Eskandari
      V1sion Checkmat Ladera Ranch

            Won by Submission                          - 02:42","Theodore-Barry Campbell
      ON GUARD BRAZILIAN JIU JITSU",https://adcc.smoothcomp.com/en/event/19885/bracket/1318527,https://smoothcomp.com/en/profile/737436,https://smoothcomp.com/en/profile/964317,https://adcc.smoothcomp.com/en/event/19885/schedule/matchlist?page=4
5-8,Finished,"Robbie Dodgin
      100 Kilos JiuJitsu

            Won by Submission                          - 01:26","Rocco Mata-Monks
      Drysdale/Zenith",https://adcc.smoothcomp.com/en/event/19885/bracket/1318516,https://smoothcomp.com/en/profile/1586221,https://smoothcomp.com/en/profile/1052436,https://adcc.smoothcomp.com/en/event/19885/schedule/matchlist?page=4
12-11,Finished,"Lukas Nelson
      Columns (CBJJ)

            Won by Submission                          - 01:01","Grayson Rasmussen
      Redmond Grappling Academy",https://adcc.smoothcomp.com/en/event/19885/bracket/1318514,https://smoothcomp.com/en/profile/1181632,https://smoothcomp.com/en/profile/1646676,https://adcc.smoothcomp.com/en/event/19885/schedule/matchlist?page=4
8-9,Finished,"Colton Havens
      Impact Jiu Jitsu McMinnville

            Won by Submission                          - 02:03","Kingsten Choi-Flores
      Team Butler Brazilian Jiu Jitsu - Bonney Lake",https://adcc.smoothcomp.com/en/event/19885/bracket/1318545,https://smoothcomp.com/en/profile/1725495,https://smoothcomp.com/en/profile/1961278,https://adcc.smoothcomp.com/en/event/19885/schedule/matchlist?page=4
1-11,Finished,"Matias Sanchez
      Columns (CBJJ)","Ty Wagemann
      BJJ Olympia

            Won by points                          - 04:00",https://adcc.smoothcomp.com/en/event/19885/bracket/1318530,https://smoothcomp.com/en/profile/1183488,https://smoothcomp.com/en/profile/1434212,https://adcc.smoothcomp.com/en/event/19885/schedule/matchlist?page=4
10-9,Finished,"Jack Knick
      GRPL Club

            Won by points                          - 04:00","Isaak Rosenau
      ATOS Northwest",https://adcc.smoothcomp.com/en/event/19885/bracket/1318536,https://smoothcomp.com/en/profile/651670,https://smoothcomp.com/en/profile/1580033,https://adcc.smoothcomp.com/en/event/19885/schedule/matchlist?page=4
7-9,Finished,"Romeo Snyder
      Chesslab/att-pdx","Hayzon Leopoldo
      Morumbi Jiu Jitsu

            Won by Submission                          - 01:02",https://adcc.smoothcomp.com/en/event/19885/bracket/1318532,https://smoothcomp.com/en/profile/1294494,https://smoothcomp.com/en/profile/821847,https://adcc.smoothcomp.com/en/event/19885/schedule/matchlist?page=4
6-10,Finished,"Maverick Dietz
      Gracie Barra Morgan Hill

            Won by Submission                          - 01:21","Theodore-Barry Campbell
      10th Planet Vancouver",https://adcc.smoothcomp.com/en/event/19885/bracket/1318526,https://smoothcomp.com/en/profile/1869514,https://smoothcomp.com/en/profile/964317,https://adcc.smoothcomp.com/en/event/19885/schedule/matchlist?page=4
4-7,Finished,"Charlie Momotok
      Technique Lab Jiu Jitsu Academy

            Won by Submission                          - 01:56","Judah VanNauker
      Legacy Jiu-Jitsu Academy - Richland",https://adcc.smoothcomp.com/en/event/19885/bracket/1318525,https://smoothcomp.com/en/profile/1660622,https://smoothcomp.com/en/profile/1207174,https://adcc.smoothcomp.com/en/event/19885/schedule/matchlist?page=4
5-9,Finished,"Alex Schirliu
      Gracie Barra Kirkland","Sariah The Last Panda
      Alpha Miami Grappling

            Won by Submission                          - 02:26",https://adcc.smoothcomp.com/en/event/19885/bracket/1318516,https://smoothcomp.com/en/profile/1390197,https://smoothcomp.com/en/profile/1233816,https://adcc.smoothcomp.com/en/event/19885/schedule/matchlist?page=4
3-9,Finished,"Samwise Curtis
      ON GUARD BRAZILIAN JIU JITSU","Zac Shaffi
      Predators MMA and BJJ Academy Manchester

            Won by Submission                          - 01:17",https://adcc.smoothcomp.com/en/event/19885/bracket/1318541,https://smoothcomp.com/en/profile/368052,https://smoothcomp.com/en/profile/1239651,https://adcc.smoothcomp.com/en/event/19885/schedule/matchlist?page=4
8-10,Finished,"Jeremy Baker
      Team Butler Brazilian Jiu Jitsu - Bonney Lake","Pierce Choi-Flores
      Team Butler Brazilian Jiu Jitsu - Bonney Lake

            Won by Submission                          - 01:00",https://adcc.smoothcomp.com/en/event/19885/bracket/1318545,https://smoothcomp.com/en/profile/1722552,https://smoothcomp.com/en/profile/1961303,https://adcc.smoothcomp.com/en/event/19885/schedule/matchlist?page=4
2-8,Finished,"Connor Nelson
      Columns (CBJJ)","Oliver Jasinski
      ON GUARD BRAZILIAN JIU JITSU

            Won by Submission                          - 05:07",https://adcc.smoothcomp.com/en/event/19885/bracket/1318524,https://smoothcomp.com/en/profile/978656,https://smoothcomp.com/en/profile/543511,https://adcc.smoothcomp.com/en/event/19885/schedule/matchlist?page=4
9-8,Finished,"TaliAnn Damian
      Logic Jiu Jitsu Club","Maddison Mattly
      Gracie Barra Ocotillo

            Won by Submission                          - 01:09",https://adcc.smoothcomp.com/en/event/19885/bracket/1318390,https://smoothcomp.com/en/profile/1323692,https://smoothcomp.com/en/profile/1143366,https://adcc.smoothcomp.com/en/event/19885/schedule/matchlist?page=4
11-13,Finished,"Sawyer Brown
      10th Planet Springfield OR","Daisy Fournier
      Livewire MMA

            Won by Submission                          - 02:56",https://adcc.smoothcomp.com/en/event/19885/bracket/1318420,https://smoothcomp.com/en/profile/912070,https://smoothcomp.com/en/profile/593817,https://adcc.smoothcomp.com/en/event/19885/schedule/matchlist?page=4
1-10,Finished,"Maverick Dietz
      Gracie Barra Morgan Hill

            Won by Submission                          - 00:25","Mason Le
      Team Butler Brazilian Jiu Jitsu - Bonney Lake",https://adcc.smoothcomp.com/en/event/19885/bracket/1318530,https://smoothcomp.com/en/profile/1869514,https://smoothcomp.com/en/profile/564744,https://adcc.smoothcomp.com/en/event/19885/schedule/matchlist?page=4
10-10,Finished,"Elijah Han
      Art of JiuJitsu

            Won by Submission                          - 00:46","Dan Risman
      10th Planet Calgary",https://adcc.smoothcomp.com/en/event/19885/bracket/1318536,https://smoothcomp.com/en/profile/608558,https://smoothcomp.com/en/profile/498317,https://adcc.smoothcomp.com/en/event/19885/schedule/matchlist?page=4
12-13,Finished,"Raquel Baze
      Team Butler Brazilian Jiu Jitsu - Bonney Lake","Max Uribe
      Siri Brazilian Jiu-Jitsu

            Won by Submission                          - 00:48",https://adcc.smoothcomp.com/en/event/19885/bracket/1318564,https://smoothcomp.com/en/profile/1185512,https://smoothcomp.com/en/profile/1690260,https://adcc.smoothcomp.com/en/event/19885/schedule/matchlist?page=4
5-11,Finished,"Odin Ji
      Sleeper Jiu Jitsu

            Won by points                          - 06:00","Owen Wagemann
      BJJ Olympia",https://adcc.smoothcomp.com/en/event/19885/bracket/1318528,https://smoothcomp.com/en/profile/1470576,https://smoothcomp.com/en/profile/1434217,https://adcc.smoothcomp.com/en/event/19885/schedule/matchlist?page=4
8-11,Finished,"Nolan Sidelinger
      Team Butler Brazilian Jiu Jitsu - Bonney Lake

            Won by Submission                          - 00:15","Jonas Hanzely
      ON GUARD BRAZILIAN JIU JITSU",https://adcc.smoothcomp.com/en/event/19885/bracket/1318533,https://smoothcomp.com/en/profile/610712,https://smoothcomp.com/en/profile/1597573,https://adcc.smoothcomp.com/en/event/19885/schedule/matchlist?page=4
1-12,Finished,"Finn Robertson
      Gracie Barra Kitsilano","Denton West
      Team Butler Brazilian Jiu Jitsu - Bonney Lake

            Won by Submission                          - 01:12",https://adcc.smoothcomp.com/en/event/19885/bracket/1318530,https://smoothcomp.com/en/profile/1033713,https://smoothcomp.com/en/profile/955932,https://adcc.smoothcomp.com/en/event/19885/schedule/matchlist?page=4
3-10,Finished,"Cyra Eskandari
      V1sion Checkmat Ladera Ranch

            Won by Submission                          - 01:12","Jack Knick
      GRPL Club",https://adcc.smoothcomp.com/en/event/19885/bracket/1318541,https://smoothcomp.com/en/profile/737435,https://smoothcomp.com/en/profile/651670,https://adcc.smoothcomp.com/en/event/19885/schedule/matchlist?page=4
9-9,Finished,"Kingsten Choi-Flores
      Team Butler Brazilian Jiu Jitsu - Bonney Lake

            Won by points                          - 04:00","Elijah Malik
      BJJ Olympia",https://adcc.smoothcomp.com/en/event/19885/bracket/1318544,https://smoothcomp.com/en/profile/1961278,https://smoothcomp.com/en/profile/1918878,https://adcc.smoothcomp.com/en/event/19885/schedule/matchlist?page=5
4-8,Finished,"Mason Le
      Team Butler Brazilian Jiu Jitsu - Bonney Lake","Cyle Lee
      ON GUARD BRAZILIAN JIU JITSU

            Won by points                          - 04:00",https://adcc.smoothcomp.com/en/event/19885/bracket/1318539,https://smoothcomp.com/en/profile/564744,https://smoothcomp.com/en/profile/573208,https://adcc.smoothcomp.com/en/event/19885/schedule/matchlist?page=5
12-12,Finished,"Elizabeth Payan
      Apex BJJ Bonita","Layla Opinion
      Gracie Barra Morgan Hill

            Won by Submission                          - 00:46",https://adcc.smoothcomp.com/en/event/19885/bracket/1318392,https://smoothcomp.com/en/profile/1412590,https://smoothcomp.com/en/profile/999754,https://adcc.smoothcomp.com/en/event/19885/schedule/matchlist?page=5
6-12,Finished,"Jacques Finley
      Grit Jiu Jitsu & Muay Thai","Maverick Dietz
      Gracie Barra Morgan Hill

            Won by Submission                          - 00:41",https://adcc.smoothcomp.com/en/event/19885/bracket/1318526,https://smoothcomp.com/en/profile/1101323,https://smoothcomp.com/en/profile/1869514,https://adcc.smoothcomp.com/en/event/19885/schedule/matchlist?page=5
7-8,Finished,"Thaddeus Fannemel
      Team Butler Brazilian Jiu Jitsu - Bonney Lake","Chase Orth
      Siri Brazilian Jiu-Jitsu

            Won by Submission                          - 03:36",https://adcc.smoothcomp.com/en/event/19885/bracket/1318523,https://smoothcomp.com/en/profile/1469829,https://smoothcomp.com/en/profile/965613,https://adcc.smoothcomp.com/en/event/19885/schedule/matchlist?page=5
3-11,Finished,"Royce Davidson
      Gracie humaita Valencia -Ca

            Won by Submission                          - 01:52","Logan Kauliuli Garcia
      ATOS  HQ",https://adcc.smoothcomp.com/en/event/19885/bracket/1318541,https://smoothcomp.com/en/profile/1234747,https://smoothcomp.com/en/profile/606519,https://adcc.smoothcomp.com/en/event/19885/schedule/matchlist?page=5
11-9,Finished,"Gabriel D. Myers
      Atos Jiu-Jitsu Las Vegas","Cyprien Ally
      ATOS  HQ

            Won by Submission                          - 00:20",https://adcc.smoothcomp.com/en/event/19885/bracket/1318527,https://smoothcomp.com/en/profile/531565,https://smoothcomp.com/en/profile/888346,https://adcc.smoothcomp.com/en/event/19885/schedule/matchlist?page=5
2-11,Finished,"Easton Whalen
      Team Butler Brazilian Jiu Jitsu - Bonney Lake

            Won by Submission                          - 00:18","Max Trutzschler
      Combat Arts Academy",https://adcc.smoothcomp.com/en/event/19885/bracket/1318524,https://smoothcomp.com/en/profile/949976,https://smoothcomp.com/en/profile/1001245,https://adcc.smoothcomp.com/en/event/19885/schedule/matchlist?page=5
10-11,Finished,"Mason Choi
      10th Planet Oakland","Jack Knick
      GRPL Club

            Won by Submission                          - 01:59",https://adcc.smoothcomp.com/en/event/19885/bracket/1318536,https://smoothcomp.com/en/profile/243143,https://smoothcomp.com/en/profile/651670,https://adcc.smoothcomp.com/en/event/19885/schedule/matchlist?page=5
6-13,Finished,"Nolan Sidelinger
      Team Butler Brazilian Jiu Jitsu - Bonney Lake

            Won by Submission                          - 00:10","Jonas Hanzely
      ON GUARD BRAZILIAN JIU JITSU",https://adcc.smoothcomp.com/en/event/19885/bracket/1318529,https://smoothcomp.com/en/profile/610712,https://smoothcomp.com/en/profile/1597573,https://adcc.smoothcomp.com/en/event/19885/schedule/matchlist?page=5
1-13,Finished,"Rainier Curtis
      ON GUARD BRAZILIAN JIU JITSU","Jayton Ilae
      The Base Vancouver

            Won by Submission                          - 01:26",https://adcc.smoothcomp.com/en/event/19885/bracket/1318530,https://smoothcomp.com/en/profile/747016,https://smoothcomp.com/en/profile/1187899,https://adcc.smoothcomp.com/en/event/19885/schedule/matchlist?page=5
12-15,Finished,"Reagan Rousseau
      Lone Wolf BJJ

            Won by Submission                          - 01:09","Raquel Baze
      Team Butler Brazilian Jiu Jitsu - Bonney Lake",https://adcc.smoothcomp.com/en/event/19885/bracket/1318564,https://smoothcomp.com/en/profile/1253173,https://smoothcomp.com/en/profile/1185512,https://adcc.smoothcomp.com/en/event/19885/schedule/matchlist?page=5
8-14,Finished,"Killian Kelly
      Essential Jiu Jitsu","Zac Shaffi
      Predators MMA and BJJ Academy Manchester

            Won by Submission                          - 01:47",https://adcc.smoothcomp.com/en/event/19885/bracket/1318546,https://smoothcomp.com/en/profile/917502,https://smoothcomp.com/en/profile/1239651,https://adcc.smoothcomp.com/en/event/19885/schedule/matchlist?page=5
11-10,Finished,"Keyan Eskandari
      V1sion Checkmat Ladera Ranch","Jordan Cottengim
      Gracie Barra Morgan Hill

            Won by Submission                          - 02:40",https://adcc.smoothcomp.com/en/event/19885/bracket/1318527,https://smoothcomp.com/en/profile/737436,https://smoothcomp.com/en/profile/1288577,https://adcc.smoothcomp.com/en/event/19885/schedule/matchlist?page=5
10-12,Finished,"Uila Pasi
      Chesslab/att-pdx","Lilly Welch
      10th Planet Springfield OR

            Won by Submission                          - 00:47",https://adcc.smoothcomp.com/en/event/19885/bracket/1318461,https://smoothcomp.com/en/profile/1024987,https://smoothcomp.com/en/profile/1949796,https://adcc.smoothcomp.com/en/event/19885/schedule/matchlist?page=5
9-10,Finished,"Maddison Mattly
      Gracie Barra Ocotillo

            Won by Submission                          - 00:09","Jade Hadley
      The Base Vancouver",https://adcc.smoothcomp.com/en/event/19885/bracket/1318390,https://smoothcomp.com/en/profile/1143366,https://smoothcomp.com/en/profile/773799,https://adcc.smoothcomp.com/en/event/19885/schedule/matchlist?page=5
6-14,Finished,"Victoria Bueno
      ATOS  HQ","Layla Opinion
      Gracie Barra Morgan Hill

            Won by Submission                          - 01:18",https://adcc.smoothcomp.com/en/event/19885/bracket/1318395,https://smoothcomp.com/en/profile/773538,https://smoothcomp.com/en/profile/999754,https://adcc.smoothcomp.com/en/event/19885/schedule/matchlist?page=5
1-14,Finished,"Raiden Balin
      ATOS Northwest

            Won by Submission                          - 01:51","Fisher Fournier
      Livewire MMA",https://adcc.smoothcomp.com/en/event/19885/bracket/1318530,https://smoothcomp.com/en/profile/915668,https://smoothcomp.com/en/profile/1370188,https://adcc.smoothcomp.com/en/event/19885/schedule/matchlist?page=5
3-12,Finished,"Sebastian Padilla
      Atos Temecula

            Won by Submission                          - 00:57","Noah Lopez
      ATOS  HQ",https://adcc.smoothcomp.com/en/event/19885/bracket/1318541,https://smoothcomp.com/en/profile/1544138,https://smoothcomp.com/en/profile/417661,https://adcc.smoothcomp.com/en/event/19885/schedule/matchlist?page=5
4-9,Finished,"Genesis Han
      Art of JiuJitsu

            Won by Submission                          - 00:52","Adriel Rasmussen
      Redmond Grappling Academy",https://adcc.smoothcomp.com/en/event/19885/bracket/1318539,https://smoothcomp.com/en/profile/608551,https://smoothcomp.com/en/profile/1167719,https://adcc.smoothcomp.com/en/event/19885/schedule/matchlist?page=5
2-16,Finished,"Finn Robertson
      Gracie Barra Kitsilano","Gabriel D. Myers
      Atos Jiu-Jitsu Las Vegas

            Won by Submission                          - 00:24",https://adcc.smoothcomp.com/en/event/19885/bracket/1318524,https://smoothcomp.com/en/profile/1033713,https://smoothcomp.com/en/profile/531565,https://adcc.smoothcomp.com/en/event/19885/schedule/matchlist?page=5
5-12,Finished,"Mino Lee-LeBlanc
      Gracie Barra Tacoma","Mason Miller
      Lone Wolf BJJ

            Won by points                          - 04:00",https://adcc.smoothcomp.com/en/event/19885/bracket/1318559,https://smoothcomp.com/en/profile/1078453,https://smoothcomp.com/en/profile/1331767,https://adcc.smoothcomp.com/en/event/19885/schedule/matchlist?page=5
12-14,Finished,"Xochitl Meza
      GUERRILLA JIU-JITSU","Elizabeth Payan
      Apex BJJ Bonita

            Won by Submission                          - 00:17",https://adcc.smoothcomp.com/en/event/19885/bracket/1318392,https://smoothcomp.com/en/profile/1398393,https://smoothcomp.com/en/profile/1412590,https://adcc.smoothcomp.com/en/event/19885/schedule/matchlist?page=5
9-11,Finished,"Pierce Choi-Flores
      Team Butler Brazilian Jiu Jitsu - Bonney Lake

            Won by Submission                          - 02:22","Colton Havens
      Impact Jiu Jitsu McMinnville",https://adcc.smoothcomp.com/en/event/19885/bracket/1318544,https://smoothcomp.com/en/profile/1961303,https://smoothcomp.com/en/profile/1725495,https://adcc.smoothcomp.com/en/event/19885/schedule/matchlist?page=5
7-10,Finished,"Walter Miller
      Lone Wolf BJJ","Thaddeus Fannemel
      Team Butler Brazilian Jiu Jitsu - Bonney Lake

            Won by Submission                          - 01:12",https://adcc.smoothcomp.com/en/event/19885/bracket/1318523,https://smoothcomp.com/en/profile/1452506,https://smoothcomp.com/en/profile/1469829,https://adcc.smoothcomp.com/en/event/19885/schedule/matchlist?page=5
2-12,Finished,"Oliver Jasinski
      ON GUARD BRAZILIAN JIU JITSU

            Won by Submission                          - 00:26","Owen Gray
      Impact Jiu Jitsu Hillsboro",https://adcc.smoothcomp.com/en/event/19885/bracket/1318524,https://smoothcomp.com/en/profile/543511,https://smoothcomp.com/en/profile/1156226,https://adcc.smoothcomp.com/en/event/19885/schedule/matchlist?page=5
10-13,Finished,"James Lawson
      TRUJITSU / Bakersfield

            Won by points                          - 06:00","Isaak Rosenau
      ATOS Northwest",https://adcc.smoothcomp.com/en/event/19885/bracket/1318536,https://smoothcomp.com/en/profile/1458269,https://smoothcomp.com/en/profile/1580033,https://adcc.smoothcomp.com/en/event/19885/schedule/matchlist?page=5
3-13,Finished,"Zac Shaffi
      Predators MMA and BJJ Academy Manchester","Mealow Petre
      Art of JiuJitsu

            Won by Submission                          - 00:52",https://adcc.smoothcomp.com/en/event/19885/bracket/1318541,https://smoothcomp.com/en/profile/1239651,https://smoothcomp.com/en/profile/455399,https://adcc.smoothcomp.com/en/event/19885/schedule/matchlist?page=5
8-13,Finished,"Hayzon Leopoldo
      Morumbi Jiu Jitsu

            Won by Submission                          - 01:40","Jonas Hanzely
      ON GUARD BRAZILIAN JIU JITSU",https://adcc.smoothcomp.com/en/event/19885/bracket/1318533,https://smoothcomp.com/en/profile/821847,https://smoothcomp.com/en/profile/1597573,https://adcc.smoothcomp.com/en/event/19885/schedule/matchlist?page=5
11-14,Finished,"Raelynn Elizarraras
      Academy Jiu Jitsu and Kickboxing

            Won by points                          - 04:00","Amelia Juergens
      Team Butler Brazilian Jiu Jitsu - Bonney Lake",https://adcc.smoothcomp.com/en/event/19885/bracket/1318420,https://smoothcomp.com/en/profile/790628,https://smoothcomp.com/en/profile/1232329,https://adcc.smoothcomp.com/en/event/19885/schedule/matchlist?page=5
1-15,Finished,"Denton West
      Team Butler Brazilian Jiu Jitsu - Bonney Lake","Matias Sanchez
      Columns (CBJJ)

            Won by points                          - 04:00",https://adcc.smoothcomp.com/en/event/19885/bracket/1318530,https://smoothcomp.com/en/profile/955932,https://smoothcomp.com/en/profile/1183488,https://adcc.smoothcomp.com/en/event/19885/schedule/matchlist?page=5
6-15,Finished,"Kayan Eskandari
      V1sion Checkmat Ladera Ranch","Charlie Bowers
      Royal Jiu Jitsu

            Won by Submission                          - 01:06",https://adcc.smoothcomp.com/en/event/19885/bracket/1318526,https://smoothcomp.com/en/profile/737441,https://smoothcomp.com/en/profile/926782,https://adcc.smoothcomp.com/en/event/19885/schedule/matchlist?page=5
