id,name,date,location,url
19787,,,Unknown,https://smoothcomp.com/en/event/19787
19885,,,Unknown,https://smoothcomp.com/en/event/19885
19790,,,Unknown,https://smoothcomp.com/en/event/19790
20721,,,Unknown,https://smoothcomp.com/en/event/20721
20699,,,Unknown,https://smoothcomp.com/en/event/20699
19883,,,Unknown,https://smoothcomp.com/en/event/19883
19275,,,Unknown,https://smoothcomp.com/en/event/19275
19511,,,Unknown,https://smoothcomp.com/en/event/19511
19276,,,Unknown,https://smoothcomp.com/en/event/19276
19072,,,Unknown,https://smoothcomp.com/en/event/19072
18628,,,Unknown,https://smoothcomp.com/en/event/18628
17844,,,Unknown,https://smoothcomp.com/en/event/17844
19216,,,Unknown,https://smoothcomp.com/en/event/19216
18527,,,Unknown,https://smoothcomp.com/en/event/18527
17278,,,Unknown,https://smoothcomp.com/en/event/17278
17198,,,Unknown,https://smoothcomp.com/en/event/17198
17265,,,Unknown,https://smoothcomp.com/en/event/17265
16662,,,Unknown,https://smoothcomp.com/en/event/16662
17091,,,Unknown,https://smoothcomp.com/en/event/17091
16660,,,Unknown,https://smoothcomp.com/en/event/16660
16610,,,Unknown,https://smoothcomp.com/en/event/16610
15887,,,Unknown,https://smoothcomp.com/en/event/15887
14788,,,Unknown,https://smoothcomp.com/en/event/14788
14786,,,Unknown,https://smoothcomp.com/en/event/14786
14815,,,Unknown,https://smoothcomp.com/en/event/14815
14700,,,Unknown,https://smoothcomp.com/en/event/14700
14782,,,Unknown,https://smoothcomp.com/en/event/14782
14648,,,Unknown,https://smoothcomp.com/en/event/14648
14244,,,Unknown,https://smoothcomp.com/en/event/14244
13678,,,Unknown,https://smoothcomp.com/en/event/13678
13336,,,Unknown,https://smoothcomp.com/en/event/13336
12933,,,Unknown,https://smoothcomp.com/en/event/12933
12753,,,Unknown,https://smoothcomp.com/en/event/12753
12785,,,Unknown,https://smoothcomp.com/en/event/12785
12692,,,Unknown,https://smoothcomp.com/en/event/12692
11951,,,Unknown,https://smoothcomp.com/en/event/11951
11768,,,Unknown,https://smoothcomp.com/en/event/11768
11607,,,Unknown,https://smoothcomp.com/en/event/11607
11765,,,Unknown,https://smoothcomp.com/en/event/11765
11268,,,Unknown,https://smoothcomp.com/en/event/11268
11127,,,Unknown,https://smoothcomp.com/en/event/11127
10767,,,Unknown,https://smoothcomp.com/en/event/10767
10748,,,Unknown,https://smoothcomp.com/en/event/10748
11067,,,Unknown,https://smoothcomp.com/en/event/11067
