event_id,bracket_bundle_id,attempts,last_failed
19885,1200853,1,2025-03-20
19790,1190556,1,2025-03-20
19511,1119763,1,2025-03-20
16662,974855,1,2025-03-20
16662,974857,1,2025-03-20
16610,925135,1,2025-03-20
14815,848200,1,2025-03-20
14815,848203,1,2025-03-20
14815,848199,1,2025-03-20
14815,848204,1,2025-03-20
14815,848198,1,2025-03-20
14815,848197,1,2025-03-20
14815,848196,1,2025-03-20
14815,848195,1,2025-03-20
14815,848193,1,2025-03-20
14815,848194,1,2025-03-20
12753,712776,1,2025-03-20
12753,712775,1,2025-03-20
12753,712779,1,2025-03-20
12753,712777,1,2025-03-20
12753,712784,1,2025-03-20
12753,712786,1,2025-03-20
12753,712782,1,2025-03-20
12753,712781,1,2025-03-20
12753,712787,1,2025-03-20
12753,713331,1,2025-03-20
11951,735655,1,2025-03-20
11951,735667,1,2025-03-20
11951,735668,1,2025-03-20
11951,735680,1,2025-03-20
11951,735660,1,2025-03-20
11951,735656,1,2025-03-20
11951,735703,1,2025-03-20
11951,735669,1,2025-03-20
11951,735685,1,2025-03-20
11951,735670,1,2025-03-20
11951,735692,1,2025-03-20
11951,735638,1,2025-03-20
11951,735674,1,2025-03-20
11951,735659,1,2025-03-20
11951,735643,1,2025-03-20
11951,735688,1,2025-03-20
11951,735657,1,2025-03-20
11951,735678,1,2025-03-20
11951,735651,1,2025-03-20
11951,735658,1,2025-03-20
11951,735653,1,2025-03-20
11951,735632,1,2025-03-20
11951,735663,1,2025-03-20
11951,735661,1,2025-03-20
11951,735675,1,2025-03-20
11951,735664,1,2025-03-20
11951,735649,1,2025-03-20
11951,735644,1,2025-03-20
11951,735633,1,2025-03-20
11951,735640,1,2025-03-20
11951,735673,1,2025-03-20
11951,735676,1,2025-03-20
11951,735662,1,2025-03-20
11951,735713,1,2025-03-20
11951,735699,1,2025-03-20
11951,735705,1,2025-03-20
11951,735683,1,2025-03-20
11951,735654,1,2025-03-20
11951,735690,1,2025-03-20
11951,735645,1,2025-03-20
11951,735641,1,2025-03-20
11951,735639,1,2025-03-20
11951,735679,1,2025-03-20
11951,735686,1,2025-03-20
11951,735650,1,2025-03-20
11951,735684,1,2025-03-20
11951,735715,1,2025-03-20
11951,735691,1,2025-03-20
11951,735712,1,2025-03-20
11951,735682,1,2025-03-20
11951,735717,1,2025-03-20
11951,735704,1,2025-03-20
11951,735677,1,2025-03-20
11951,735722,1,2025-03-20
11951,735702,1,2025-03-20
11951,735681,1,2025-03-20
11951,735701,1,2025-03-20
11951,735672,1,2025-03-20
11951,735634,1,2025-03-20
11951,735718,1,2025-03-20
11951,735646,1,2025-03-20
11951,735709,1,2025-03-20
11951,735714,1,2025-03-20
11951,735689,1,2025-03-20
11951,735695,1,2025-03-20
11951,735707,1,2025-03-20
11951,735721,1,2025-03-20
11951,735716,1,2025-03-20
11951,735665,1,2025-03-20
11951,735635,1,2025-03-20
11951,735636,1,2025-03-20
11951,735698,1,2025-03-20
11951,735719,1,2025-03-20
11951,735694,1,2025-03-20
11951,735693,1,2025-03-20
11951,735700,1,2025-03-20
11951,735708,1,2025-03-20
11951,735711,1,2025-03-20
11951,735652,1,2025-03-20
11951,735710,1,2025-03-20
11951,735697,1,2025-03-20
11951,735720,1,2025-03-20
11951,735647,1,2025-03-20
11951,735648,1,2025-03-20
11951,735696,1,2025-03-20
11951,735706,1,2025-03-20
11951,735637,1,2025-03-20
11951,735671,1,2025-03-20
11951,735642,1,2025-03-20
11951,735687,1,2025-03-20
11951,735666,1,2025-03-20
11768,735487,1,2025-03-20
11768,735444,1,2025-03-20
11768,735416,1,2025-03-20
11768,735488,1,2025-03-20
11768,735411,1,2025-03-20
11768,735389,1,2025-03-20
11768,735377,1,2025-03-20
11768,735386,1,2025-03-20
11768,735438,1,2025-03-20
11768,735398,1,2025-03-20
11768,735407,1,2025-03-20
11768,735417,1,2025-03-20
11768,735409,1,2025-03-20
11768,735423,1,2025-03-20
11768,735490,1,2025-03-20
11768,735489,1,2025-03-20
11768,735495,1,2025-03-20
11768,735410,1,2025-03-20
11768,735390,1,2025-03-20
11768,735435,1,2025-03-20
11768,735484,1,2025-03-20
11768,735440,1,2025-03-20
11768,735402,1,2025-03-20
11768,735408,1,2025-03-20
11768,735421,1,2025-03-20
11768,735485,1,2025-03-20
11768,735391,1,2025-03-20
11768,735373,1,2025-03-20
11768,735369,1,2025-03-20
11768,735370,1,2025-03-20
11768,735376,1,2025-03-20
11768,735378,1,2025-03-20
11768,735419,1,2025-03-20
11768,735380,1,2025-03-20
11768,735385,1,2025-03-20
11768,735404,1,2025-03-20
11768,735405,1,2025-03-20
11768,735434,1,2025-03-20
11768,735383,1,2025-03-20
11768,735368,1,2025-03-20
11768,735372,1,2025-03-20
11768,735428,1,2025-03-20
11768,735486,1,2025-03-20
11768,735491,1,2025-03-20
11768,735415,1,2025-03-20
11768,735492,1,2025-03-20
11768,735392,1,2025-03-20
11768,735493,1,2025-03-20
11768,735393,1,2025-03-20
11768,735381,1,2025-03-20
11768,735384,1,2025-03-20
11768,735420,1,2025-03-20
11768,735494,1,2025-03-20
11768,735422,1,2025-03-20
11768,735401,1,2025-03-20
11768,735406,1,2025-03-20
11768,735427,1,2025-03-20
11768,735394,1,2025-03-20
11768,735371,1,2025-03-20
11768,735450,1,2025-03-20
11768,735451,1,2025-03-20
11768,735432,1,2025-03-20
11768,735436,1,2025-03-20
11768,735437,1,2025-03-20
11768,735433,1,2025-03-20
11768,735379,1,2025-03-20
11768,735459,1,2025-03-20
11768,735413,1,2025-03-20
11768,735466,1,2025-03-20
11768,735467,1,2025-03-20
11768,735374,1,2025-03-20
11768,735468,1,2025-03-20
11768,735469,1,2025-03-20
11768,735445,1,2025-03-20
11768,735387,1,2025-03-20
11768,735470,1,2025-03-20
11768,735471,1,2025-03-20
11768,735403,1,2025-03-20
11768,735477,1,2025-03-20
11768,735478,1,2025-03-20
11768,735479,1,2025-03-20
11768,735397,1,2025-03-20
11768,735483,1,2025-03-20
11768,735424,1,2025-03-20
11768,735388,1,2025-03-20
11768,735412,1,2025-03-20
11768,735442,1,2025-03-20
11768,735443,1,2025-03-20
11768,735399,1,2025-03-20
11768,735396,1,2025-03-20
11768,735418,1,2025-03-20
11768,735448,1,2025-03-20
11768,735449,1,2025-03-20
11768,735447,1,2025-03-20
11768,735426,1,2025-03-20
11768,735452,1,2025-03-20
11768,735453,1,2025-03-20
11768,735400,1,2025-03-20
11768,735431,1,2025-03-20
11768,735454,1,2025-03-20
11768,735455,1,2025-03-20
11768,735456,1,2025-03-20
11768,735457,1,2025-03-20
11768,735458,1,2025-03-20
11768,735460,1,2025-03-20
11768,735461,1,2025-03-20
11768,735375,1,2025-03-20
11768,735463,1,2025-03-20
11768,735446,1,2025-03-20
11768,735464,1,2025-03-20
11768,735382,1,2025-03-20
11768,735465,1,2025-03-20
11768,735472,1,2025-03-20
11768,735425,1,2025-03-20
11768,735439,1,2025-03-20
11768,735366,1,2025-03-20
11768,735395,1,2025-03-20
11768,735473,1,2025-03-20
11768,735474,1,2025-03-20
11768,735367,1,2025-03-20
11768,735475,1,2025-03-20
11768,735476,1,2025-03-20
11768,735429,1,2025-03-20
11768,735480,1,2025-03-20
11768,735481,1,2025-03-20
11768,735482,1,2025-03-20
11768,735430,1,2025-03-20
11768,735414,1,2025-03-20
11768,735441,1,2025-03-20
11765,733579,1,2025-03-20
11765,733572,1,2025-03-20
11765,733561,1,2025-03-20
11765,733565,1,2025-03-20
11765,733567,1,2025-03-20
11765,733562,1,2025-03-20
11765,733537,1,2025-03-20
11765,733553,1,2025-03-20
11765,733574,1,2025-03-20
11765,733548,1,2025-03-20
11765,733554,1,2025-03-20
11765,733555,1,2025-03-20
11765,733556,1,2025-03-20
11765,733549,1,2025-03-20
11765,733538,1,2025-03-20
11765,733546,1,2025-03-20
11765,733557,1,2025-03-20
11765,733584,1,2025-03-20
11765,733536,1,2025-03-20
11765,733566,1,2025-03-20
11765,733543,1,2025-03-20
11765,733539,1,2025-03-20
11765,733540,1,2025-03-20
11765,733532,1,2025-03-20
11765,733551,1,2025-03-20
11765,733542,1,2025-03-20
11765,733576,1,2025-03-20
11765,733528,1,2025-03-20
11765,733531,1,2025-03-20
11765,733559,1,2025-03-20
11765,733547,1,2025-03-20
11765,733550,1,2025-03-20
11765,733568,1,2025-03-20
11765,733552,1,2025-03-20
11765,733533,1,2025-03-20
11765,733541,1,2025-03-20
11765,733570,1,2025-03-20
11765,733558,1,2025-03-20
11765,733545,1,2025-03-20
11765,733569,1,2025-03-20
11765,733535,1,2025-03-20
11765,733571,1,2025-03-20
11765,733534,1,2025-03-20
11765,733578,1,2025-03-20
11765,733581,1,2025-03-20
11765,733589,1,2025-03-20
11765,733585,1,2025-03-20
11765,733582,1,2025-03-20
11765,733587,1,2025-03-20
11765,733563,1,2025-03-20
11765,733564,1,2025-03-20
11765,733530,1,2025-03-20
11765,733529,1,2025-03-20
11765,733586,1,2025-03-20
11765,733573,1,2025-03-20
11765,733544,1,2025-03-20
11765,733575,1,2025-03-20
11765,733577,1,2025-03-20
11765,733588,1,2025-03-20
11765,733560,1,2025-03-20
11765,733580,1,2025-03-20
11268,732874,1,2025-03-20
11268,732848,1,2025-03-20
11268,732819,1,2025-03-20
11268,732890,1,2025-03-20
11268,732842,1,2025-03-20
11268,732831,1,2025-03-20
11268,732805,1,2025-03-20
11268,732858,1,2025-03-20
11268,732799,1,2025-03-20
11268,732840,1,2025-03-20
11268,732847,1,2025-03-20
11268,732814,1,2025-03-20
11268,732868,1,2025-03-20
11268,732854,1,2025-03-20
11268,732913,1,2025-03-20
11268,732844,1,2025-03-20
11268,732897,1,2025-03-20
11268,732875,1,2025-03-20
11268,732910,1,2025-03-20
11268,732902,1,2025-03-20
11268,732800,1,2025-03-20
11268,732807,1,2025-03-20
11268,732866,1,2025-03-20
11268,732853,1,2025-03-20
11268,732862,1,2025-03-20
11268,732829,1,2025-03-20
11268,732815,1,2025-03-20
11268,732809,1,2025-03-20
11268,732795,1,2025-03-20
11268,732785,1,2025-03-20
11268,732826,1,2025-03-20
11268,732787,1,2025-03-20
11268,732791,1,2025-03-20
11268,732818,1,2025-03-20
11268,732796,1,2025-03-20
11268,732803,1,2025-03-20
11268,732790,1,2025-03-20
11268,732810,1,2025-03-20
11268,732789,1,2025-03-20
11268,732817,1,2025-03-20
11268,732797,1,2025-03-20
11268,732830,1,2025-03-20
11268,732802,1,2025-03-20
11268,732820,1,2025-03-20
11268,732873,1,2025-03-20
11268,732895,1,2025-03-20
11268,732832,1,2025-03-20
11268,732816,1,2025-03-20
11268,732891,1,2025-03-20
11268,732793,1,2025-03-20
11268,732821,1,2025-03-20
11268,732794,1,2025-03-20
11268,732839,1,2025-03-20
11268,732782,1,2025-03-20
11268,732824,1,2025-03-20
11268,732883,1,2025-03-20
11268,732851,1,2025-03-20
11268,732838,1,2025-03-20
11268,732801,1,2025-03-20
11268,732833,1,2025-03-20
11268,732837,1,2025-03-20
11268,732828,1,2025-03-20
11268,732783,1,2025-03-20
11268,732909,1,2025-03-20
11268,732920,1,2025-03-20
11268,732884,1,2025-03-20
11268,732906,1,2025-03-20
11268,732863,1,2025-03-20
11268,732876,1,2025-03-20
11268,732919,1,2025-03-20
11268,732857,1,2025-03-20
11268,732834,1,2025-03-20
11268,732841,1,2025-03-20
11268,732904,1,2025-03-20
11268,732877,1,2025-03-20
11268,732846,1,2025-03-20
11268,732914,1,2025-03-20
11268,732880,1,2025-03-20
11268,732852,1,2025-03-20
11268,732889,1,2025-03-20
11268,732892,1,2025-03-20
11268,732898,1,2025-03-20
11268,732899,1,2025-03-20
11268,732921,1,2025-03-20
11268,732860,1,2025-03-20
11268,732822,1,2025-03-20
11268,732869,1,2025-03-20
11268,732859,1,2025-03-20
11268,732911,1,2025-03-20
11268,732872,1,2025-03-20
11268,732813,1,2025-03-20
11268,732882,1,2025-03-20
11268,732864,1,2025-03-20
11268,732888,1,2025-03-20
11268,732836,1,2025-03-20
11268,732786,1,2025-03-20
11268,732903,1,2025-03-20
11268,732850,1,2025-03-20
11268,732907,1,2025-03-20
11268,732798,1,2025-03-20
11268,732918,1,2025-03-20
11268,732804,1,2025-03-20
11268,732806,1,2025-03-20
11268,732835,1,2025-03-20
11268,732865,1,2025-03-20
11268,732871,1,2025-03-20
11268,732811,1,2025-03-20
11268,732808,1,2025-03-20
11268,732887,1,2025-03-20
11268,732908,1,2025-03-20
11268,732912,1,2025-03-20
11268,732885,1,2025-03-20
11268,732855,1,2025-03-20
11268,732812,1,2025-03-20
11268,732792,1,2025-03-20
11268,732905,1,2025-03-20
11268,732901,1,2025-03-20
11268,732896,1,2025-03-20
11268,732856,1,2025-03-20
11268,732784,1,2025-03-20
11268,732881,1,2025-03-20
11268,732823,1,2025-03-20
11268,732878,1,2025-03-20
11268,732870,1,2025-03-20
11268,732886,1,2025-03-20
11268,732867,1,2025-03-20
11268,732894,1,2025-03-20
11268,732825,1,2025-03-20
11268,732843,1,2025-03-20
11268,732893,1,2025-03-20
11268,732827,1,2025-03-20
11268,732917,1,2025-03-20
11268,732916,1,2025-03-20
11268,732915,1,2025-03-20
11268,732879,1,2025-03-20
11268,732861,1,2025-03-20
11268,732788,1,2025-03-20
11268,732900,1,2025-03-20
11268,732845,1,2025-03-20
11268,732849,1,2025-03-20
11127,732695,1,2025-03-20
11127,732670,1,2025-03-20
11127,732657,1,2025-03-20
11127,732614,1,2025-03-20
11127,732650,1,2025-03-20
11127,732703,1,2025-03-20
11127,732625,1,2025-03-20
11127,732667,1,2025-03-20
11127,732665,1,2025-03-20
11127,732621,1,2025-03-20
11127,732688,1,2025-03-20
11127,732694,1,2025-03-20
11127,732624,1,2025-03-20
11127,732676,1,2025-03-20
11127,732622,1,2025-03-20
11127,732646,1,2025-03-20
11127,732637,1,2025-03-20
11127,732679,1,2025-03-20
11127,732619,1,2025-03-20
11127,732678,1,2025-03-20
11127,732617,1,2025-03-20
11127,732636,1,2025-03-20
11127,732616,1,2025-03-20
11127,732630,1,2025-03-20
11127,732618,1,2025-03-20
11127,732610,1,2025-03-20
11127,732655,1,2025-03-20
11127,732686,1,2025-03-20
11127,732640,1,2025-03-20
11127,732635,1,2025-03-20
11127,732674,1,2025-03-20
11127,732623,1,2025-03-20
11127,732641,1,2025-03-20
11127,732658,1,2025-03-20
11127,732659,1,2025-03-20
11127,732611,1,2025-03-20
11127,732662,1,2025-03-20
11127,732626,1,2025-03-20
11127,732651,1,2025-03-20
11127,732638,1,2025-03-20
11127,732620,1,2025-03-20
11127,732690,1,2025-03-20
11127,732648,1,2025-03-20
11127,732660,1,2025-03-20
11127,732681,1,2025-03-20
11127,732633,1,2025-03-20
11127,732612,1,2025-03-20
11127,732698,1,2025-03-20
11127,732682,1,2025-03-20
11127,732709,1,2025-03-20
11127,732644,1,2025-03-20
11127,732701,1,2025-03-20
11127,732684,1,2025-03-20
11127,732653,1,2025-03-20
11127,732654,1,2025-03-20
11127,732702,1,2025-03-20
11127,732707,1,2025-03-20
11127,732663,1,2025-03-20
11127,732613,1,2025-03-20
11127,732706,1,2025-03-20
11127,732661,1,2025-03-20
11127,732692,1,2025-03-20
11127,732687,1,2025-03-20
11127,732710,1,2025-03-20
11127,732652,1,2025-03-20
11127,732666,1,2025-03-20
11127,732642,1,2025-03-20
11127,732699,1,2025-03-20
11127,732708,1,2025-03-20
11127,732675,1,2025-03-20
11127,732673,1,2025-03-20
11127,732697,1,2025-03-20
11127,732685,1,2025-03-20
11127,732704,1,2025-03-20
11127,732631,1,2025-03-20
11127,732629,1,2025-03-20
11127,732627,1,2025-03-20
11127,732632,1,2025-03-20
11127,732639,1,2025-03-20
11127,732705,1,2025-03-20
11127,732628,1,2025-03-20
11127,732668,1,2025-03-20
11127,732677,1,2025-03-20
11127,732672,1,2025-03-20
11127,732693,1,2025-03-20
11127,732664,1,2025-03-20
11127,732696,1,2025-03-20
11127,732683,1,2025-03-20
11127,732634,1,2025-03-20
11127,732643,1,2025-03-20
11127,732649,1,2025-03-20
11127,732671,1,2025-03-20
11127,732615,1,2025-03-20
11127,732656,1,2025-03-20
11127,732647,1,2025-03-20
11127,732689,1,2025-03-20
11127,732645,1,2025-03-20
11127,732711,1,2025-03-20
11127,732700,1,2025-03-20
11127,732680,1,2025-03-20
11127,732669,1,2025-03-20
11127,732691,1,2025-03-20
10767,731957,1,2025-03-20
10767,732038,1,2025-03-20
10767,731900,1,2025-03-20
10767,731886,1,2025-03-20
10767,731958,1,2025-03-20
10767,731880,1,2025-03-20
10767,731963,1,2025-03-20
10767,731932,1,2025-03-20
10767,731944,1,2025-03-20
10767,731917,1,2025-03-20
10767,731858,1,2025-03-20
10767,731856,1,2025-03-20
10767,731881,1,2025-03-20
10767,731997,1,2025-03-20
10767,731965,1,2025-03-20
10767,732027,1,2025-03-20
10767,731882,1,2025-03-20
10767,731981,1,2025-03-20
10767,731898,1,2025-03-20
10767,731887,1,2025-03-20
10767,731896,1,2025-03-20
10767,731865,1,2025-03-20
10767,731954,1,2025-03-20
10767,731927,1,2025-03-20
10767,731907,1,2025-03-20
10767,731854,1,2025-03-20
10767,731870,1,2025-03-20
10767,731860,1,2025-03-20
10767,731873,1,2025-03-20
10767,731875,1,2025-03-20
10767,731946,1,2025-03-20
10767,731905,1,2025-03-20
10767,731862,1,2025-03-20
10767,731853,1,2025-03-20
10767,731871,1,2025-03-20
10767,731857,1,2025-03-20
10767,731888,1,2025-03-20
10767,731867,1,2025-03-20
10767,731872,1,2025-03-20
10767,731934,1,2025-03-20
10767,731951,1,2025-03-20
10767,731971,1,2025-03-20
10767,731979,1,2025-03-20
10767,731890,1,2025-03-20
10767,731956,1,2025-03-20
10767,731891,1,2025-03-20
10767,731908,1,2025-03-20
10767,731910,1,2025-03-20
10767,731861,1,2025-03-20
10767,731929,1,2025-03-20
10767,731933,1,2025-03-20
10767,731961,1,2025-03-20
10767,731928,1,2025-03-20
10767,731913,1,2025-03-20
10767,731894,1,2025-03-20
10767,731877,1,2025-03-20
10767,731921,1,2025-03-20
10767,731962,1,2025-03-20
10767,731869,1,2025-03-20
10767,731967,1,2025-03-20
10767,732006,1,2025-03-20
10767,732018,1,2025-03-20
10767,731864,1,2025-03-20
10767,731904,1,2025-03-20
10767,731940,1,2025-03-20
10767,732010,1,2025-03-20
10767,731983,1,2025-03-20
10767,732014,1,2025-03-20
10767,731892,1,2025-03-20
10767,731911,1,2025-03-20
10767,732046,1,2025-03-20
10767,732001,1,2025-03-20
10767,731980,1,2025-03-20
10767,732037,1,2025-03-20
10767,732028,1,2025-03-20
10767,732002,1,2025-03-20
10767,731850,1,2025-03-20
10767,731895,1,2025-03-20
10767,731930,1,2025-03-20
10767,732004,1,2025-03-20
10767,731986,1,2025-03-20
10767,732040,1,2025-03-20
10767,731982,1,2025-03-20
10767,731909,1,2025-03-20
10767,731893,1,2025-03-20
10767,731924,1,2025-03-20
10767,731922,1,2025-03-20
10767,731878,1,2025-03-20
10767,732047,1,2025-03-20
10767,732042,1,2025-03-20
10767,731998,1,2025-03-20
10767,732003,1,2025-03-20
10767,732039,1,2025-03-20
10767,731994,1,2025-03-20
10767,732007,1,2025-03-20
10767,731996,1,2025-03-20
10767,732048,1,2025-03-20
10767,732032,1,2025-03-20
10767,731969,1,2025-03-20
10767,732013,1,2025-03-20
10767,731925,1,2025-03-20
10767,731955,1,2025-03-20
10767,731863,1,2025-03-20
10767,731945,1,2025-03-20
10767,731906,1,2025-03-20
10767,731959,1,2025-03-20
10767,731884,1,2025-03-20
10767,731889,1,2025-03-20
10767,731885,1,2025-03-20
10767,731977,1,2025-03-20
10767,731973,1,2025-03-20
10767,731972,1,2025-03-20
10767,732034,1,2025-03-20
10767,731855,1,2025-03-20
10767,731920,1,2025-03-20
10767,731943,1,2025-03-20
10767,731899,1,2025-03-20
10767,731897,1,2025-03-20
10767,731936,1,2025-03-20
10767,731985,1,2025-03-20
10767,731978,1,2025-03-20
10767,731975,1,2025-03-20
10767,731993,1,2025-03-20
10767,732023,1,2025-03-20
10767,731995,1,2025-03-20
10767,731879,1,2025-03-20
10767,731901,1,2025-03-20
10767,731938,1,2025-03-20
10767,731935,1,2025-03-20
10767,731968,1,2025-03-20
10767,731950,1,2025-03-20
10767,732015,1,2025-03-20
10767,731952,1,2025-03-20
10767,731974,1,2025-03-20
10767,732021,1,2025-03-20
10767,732008,1,2025-03-20
10767,732019,1,2025-03-20
10767,732025,1,2025-03-20
10767,731999,1,2025-03-20
10767,731851,1,2025-03-20
10767,731947,1,2025-03-20
10767,731849,1,2025-03-20
10767,731859,1,2025-03-20
10767,732011,1,2025-03-20
10767,732012,1,2025-03-20
10767,731915,1,2025-03-20
10767,731989,1,2025-03-20
10767,731987,1,2025-03-20
10767,732016,1,2025-03-20
10767,732022,1,2025-03-20
10767,731988,1,2025-03-20
10767,731948,1,2025-03-20
10767,731902,1,2025-03-20
10767,731868,1,2025-03-20
10767,731923,1,2025-03-20
10767,732000,1,2025-03-20
10767,732020,1,2025-03-20
10767,731883,1,2025-03-20
10767,732024,1,2025-03-20
10767,732029,1,2025-03-20
10767,732017,1,2025-03-20
10767,731990,1,2025-03-20
10767,732033,1,2025-03-20
10767,731876,1,2025-03-20
10767,731931,1,2025-03-20
10767,731937,1,2025-03-20
10767,731852,1,2025-03-20
10767,731941,1,2025-03-20
10767,731939,1,2025-03-20
10767,731914,1,2025-03-20
10767,732030,1,2025-03-20
