id,title,cover_image,cover_image_fallback,url,days_to_start,eventPeriod,eventEnded,location_country,location_country_human,location_city,location_lat,location_long,categoryGroups,startdate,enddate
21066,Submission Pit Sub Only,https://smoothcomp.com/pictures/t/5256645-skmu/submission-pit-2025.jpg,/build/webpack/img/sc/fallback.8fe47956faa4fb29c29f..jpg,https://smoothcomp.com/en/event/21066,0,March 23,False,GB,United Kingdom,Bournemouth,50.7453622,-1.9965273,['3'],2025-03-23,2025-03-23
21079,Open Oso Duro Jiu Jitsu,https://smoothcomp.com/pictures/t/5239339-zgo1/open-oso-duro-jiu-jitsu-2025.jpg,/build/webpack/img/sc/fallback.8fe47956faa4fb29c29f..jpg,https://smoothcomp.com/en/event/21079,0,March 23,False,ES,Spain,Zamudio Bizkaia,43.2868873,-2.8606546,"['1', '7']",2025-03-23,2025-03-23
21413,Teams BJJ Finnish Open 2025,https://smoothcomp.com/pictures/t/5499595-6zue/teams-bjj-finnish-open-2025.jpg,/build/webpack/img/sc/fallback.8fe47956faa4fb29c29f..jpg,https://fbjjf.smoothcomp.com/en/event/21413,0,March 23,False,FI,Finland,Hämeenlinna,61.0051366,24.4304792,['1'],2025-03-23,2025-03-23
21522,1º ETAPA DO CAMPEONATO PERNAMBUCANO DE JIU JITSU 2025,https://smoothcomp.com/pictures/t/5346459-9yps/1o-etapa-do-campeonato-pernambucano-de-jiu-jitsu-2025.jpg,/build/webpack/img/sc/fallback.8fe47956faa4fb29c29f..jpg,https://fijjd.smoothcomp.com/en/event/21522,0,March 23,False,BR,Brazil,AFOGADOS DA INGAZEIRA,-7.7529164,-37.6341502,['1'],2025-03-23,2025-03-23
21795,Michael Foley's Spring Invitational 2025,https://smoothcomp.com/pictures/t/5799160-wg7k/michael-foleys-spring-invitational-2025.jpg,/build/webpack/img/sc/fallback.8fe47956faa4fb29c29f..jpg,https://smoothcomp.com/en/event/21795,0,March 23,False,CA,Canada,St. John's,47.5549161,-52.7363062,"['1', '7']",2025-03-23,2025-03-23
21938,Submission Hunter Challenge (March 2025),https://smoothcomp.com/pictures/t/5412521-9f4h/submission-hunter-challenge-march-2025.jpg,/build/webpack/img/sc/fallback.8fe47956faa4fb29c29f..jpg,https://smoothcomp.com/en/event/21938,0,March 23,False,US,United States,"Portland, Oregon",45.5102260,-122.6609917,['7'],2025-03-23,2025-03-23
22876,«Жаркенттегі ALMATY OPEN - Жахангер Мұратованы еске алуға арналған  грэпплинг AIGA чемпионаты»,https://smoothcomp.com/pictures/t/5639428-ii84/zarkenttegi-almaty-open-zaxanger-muratovany-eske-aluga-arnalgan-greppling-aiga-cempionaty-2025.jpg,/build/webpack/img/sc/fallback.8fe47956faa4fb29c29f..jpg,https://smoothcomp.com/en/event/22876,0,March 23,False,KZ,Kazakhstan,Zharkent ,0.0000000,0.0000000,['4'],2025-03-23,2025-03-23
23224,Kampfrichter Lehrgang BJJBD e.V.,https://smoothcomp.com/pictures/t/5736741-si79/kampfrichter-lehrgang-bjjbd-ev-2025.jpg,/build/webpack/img/sc/fallback.8fe47956faa4fb29c29f..jpg,https://smoothcomp.com/en/event/23224,0,March 23,False,DE,Germany,Bruchsal,49.1337309,8.5900898,"['1', '7']",2025-03-23,2025-03-23
23292,"NAURYZ CUP 2025 ATYRAU ""GRAPPLING UWW""",https://smoothcomp.com/pictures/t/5763556-ucby/nauryz-cup-2025-atyrau-grappling-uww.jpg,/build/webpack/img/sc/fallback.8fe47956faa4fb29c29f..jpg,https://smoothcomp.com/en/event/23292,0,March 23,False,KZ,Kazakhstan,Atyrau,0.0000000,0.0000000,['3'],2025-03-23,2025-03-23
23467,Q12 BJJ JUNIOR CHAMPIONSHIP,https://smoothcomp.com/pictures/t/5841086-n8vb/q12-bjj-junior-championship-2025.jpg,/build/webpack/img/sc/fallback.8fe47956faa4fb29c29f..jpg,https://smoothcomp.com/en/event/23467,0,March 23,False,KZ,Kazakhstan,Aqtay,0.0000000,0.0000000,['7'],2025-03-23,2025-03-23
18720,Grappling Industries BRUSSELS,https://smoothcomp.com/pictures/t/5725602-uq6j/grappling-industries-brussels-2025.jpg,/build/webpack/img/sc/fallback.8fe47956faa4fb29c29f..jpg,https://grapplingindustries.smoothcomp.com/en/event/18720,0,March 22,True,BE,Belgium,Brussels,50.8133653,4.2624968,['1'],2025-03-22,2025-03-22
19099,Grappling Industries VANCOUVER,https://smoothcomp.com/pictures/t/5725615-a5m3/grappling-industries-vancouver-2025.jpg,/build/webpack/img/sc/fallback.8fe47956faa4fb29c29f..jpg,https://grapplingindustries.smoothcomp.com/en/event/19099,0,March 22,False,CA,Canada,Vancouver,49.2468849,-123.0014873,['1'],2025-03-22,2025-03-22
19183,"Grappling X 3/22/2025 Oregon State Jiu Jitsu Championships, Portland",https://smoothcomp.com/pictures/t/4742734-j1c/grappling-x-3222025-oregon-state-jiu-jitsu-championships-portland.jpg,/build/webpack/img/sc/fallback.8fe47956faa4fb29c29f..jpg,https://grapplingx.smoothcomp.com/en/event/19183,0,March 22,False,US,United States,"Portland, Oregon",45.5508789,-122.5409478,['1'],2025-03-22,2025-03-22
19202,Grappling Industries WISCONSIN DELLS,https://smoothcomp.com/pictures/t/5725632-o6kr/grappling-industries-wisconsin-dells-2025.jpg,/build/webpack/img/sc/fallback.8fe47956faa4fb29c29f..jpg,https://grapplingindustries.smoothcomp.com/en/event/19202,0,March 22,False,US,United States,Wisconsin Dells,43.6256886,-89.7762441,['1'],2025-03-22,2025-03-22
19386,"Submission Challenge Dubuque , IA  March 22nd, 2025",https://smoothcomp.com/pictures/t/5353542-pxby/submission-challenge-dubuque-ia-march-22nd-2025.jpg,/build/webpack/img/sc/fallback.8fe47956faa4fb29c29f..jpg,https://submissionchallenge.smoothcomp.com/en/event/19386,0,March 22,True,US,United States,Dubuque,42.4980773,-90.6553458,"['1', '7']",2025-03-22,2025-03-22
20054,"ADCC US Open - San Jose, CA",https://smoothcomp.com/pictures/t/5001811-swxa/adcc-us-open-san-jose-ca-2025.jpg,/build/webpack/img/sc/fallback.8fe47956faa4fb29c29f..jpg,https://adcc.smoothcomp.com/en/event/20054,0,March 22,False,US,United States,San Jose,37.3016650,-121.8522536,['4'],2025-03-22,2025-03-22
20070,Grappling Industries PITTSBURGH,https://smoothcomp.com/pictures/t/5725646-2eov/grappling-industries-pittsburgh-2025.jpg,/build/webpack/img/sc/fallback.8fe47956faa4fb29c29f..jpg,https://grapplingindustries.smoothcomp.com/en/event/20070,0,March 22,False,US,United States,"Pittsburgh, PA",40.4271935,-79.8757788,['1'],2025-03-22,2025-03-22
20086,Campeonato de Jiu-Jitsu Lisboa,https://smoothcomp.com/pictures/t/5693998-ch9l/campeonato-de-jiu-jitsu-lisboa-2025.jpg,/build/webpack/img/sc/fallback.8fe47956faa4fb29c29f..jpg,https://sjjif.smoothcomp.com/en/event/20086,0,March 22,True,PT,Portugal,Lisboa,38.7746849,-9.1006017,"['1', '7']",2025-03-22,2025-03-22
20255,Grappling Industries BRISBANE,https://smoothcomp.com/pictures/t/5725653-qld3/grappling-industries-brisbane-2025.jpg,/build/webpack/img/sc/fallback.8fe47956faa4fb29c29f..jpg,https://grapplingindustries.smoothcomp.com/en/event/20255,0,March 23,False,AU,Australia,Brisbane,-27.3363796,152.9647311,['1'],2025-03-23,2025-03-23
20789,Campeonato Regional del Sur 2025,https://smoothcomp.com/pictures/t/5737505-ozl4/campeonato-regional-del-sur-2025.jpg,/build/webpack/img/sc/fallback.8fe47956faa4fb29c29f..jpg,https://femexjj.smoothcomp.com/en/event/20789,0,March 22,True,MX,Mexico,Campeche,19.8486607,-90.5373731,['1'],2025-03-22,2025-03-22
20882,1º OPEN CASTELO BRANCO,https://smoothcomp.com/pictures/t/5184355-7qge/1o-open-castelo-branco-2025.jpg,/build/webpack/img/sc/fallback.8fe47956faa4fb29c29f..jpg,https://smoothcomp.com/en/event/20882,0,March 22,True,PT,Portugal,CASTELO BRANCO,39.8224713,-7.5042066,"['1', '7']",2025-03-22,2025-03-22
21112,2025 AGF Atlanta Championships,https://smoothcomp.com/pictures/t/5346187-z8aw/2025-agf-atlanta-championships.jpg,/build/webpack/img/sc/fallback.8fe47956faa4fb29c29f..jpg,https://agf.smoothcomp.com/en/event/21112,0,March 22,False,US,United States,"Chamblee, GA",33.8955451,-84.3090382,"['1', '7']",2025-03-22,2025-03-22
21143,NAGA Long Island Grappling Championship,https://smoothcomp.com/pictures/t/5342612-zi62/naga-long-island-grappling-championship-2025.jpg,/build/webpack/img/sc/fallback.8fe47956faa4fb29c29f..jpg,https://naga.smoothcomp.com/en/event/21143,0,March 22,False,US,United States,Long Island,40.7071360,-73.6569034,['1'],2025-03-22,2025-03-22
21144,NAGA Los Angeles Kids (13 & Under) Grappling Championship,https://smoothcomp.com/pictures/t/5350938-czav/naga-los-angeles-kids-13-under-grappling-championship-2025.jpg,/build/webpack/img/sc/fallback.8fe47956faa4fb29c29f..jpg,https://naga.smoothcomp.com/en/event/21144,0,March 22,False,US,United States,"Los Angeles, CA ",34.1351760,-117.8954597,['1'],2025-03-22,2025-03-22
21195,Nuorten BJJ SM-kilpailut 2025,https://smoothcomp.com/pictures/t/5356874-4n1d/nuorten-bjj-sm-kilpailut-2025.jpg,/build/webpack/img/sc/fallback.8fe47956faa4fb29c29f..jpg,https://fbjjf.smoothcomp.com/en/event/21195,0,March 22,True,FI,Finland,Hämeenlinna,61.0048199,24.4309116,['1'],2025-03-22,2025-03-22
21240,Masters BJJ Finnish Open 2025,https://smoothcomp.com/pictures/t/5356795-8ij5/masters-bjj-finnish-open-2025.jpg,/build/webpack/img/sc/fallback.8fe47956faa4fb29c29f..jpg,https://fbjjf.smoothcomp.com/en/event/21240,0,March 22,True,FI,Finland,Hämeenlinna,61.0048199,24.4309116,['1'],2025-03-22,2025-03-22
21252,COMPNET QUEENSLAND STATE CHAMPIONSHIP 2025 - Gi & No-Gi,https://smoothcomp.com/pictures/t/5738299-61y3/compnet-queensland-state-championship-2025-gi-no-gi.jpg,/build/webpack/img/sc/fallback.8fe47956faa4fb29c29f..jpg,https://compnet.smoothcomp.com/en/event/21252,0,March 23,False,AU,Australia,"Gold Coast, Australia",-28.1006059,153.4409496,['1'],2025-03-23,2025-03-23
21395,Grappling Industries SACRAMENTO,https://smoothcomp.com/pictures/t/5725678-hu42/grappling-industries-sacramento-2025.jpg,/build/webpack/img/sc/fallback.8fe47956faa4fb29c29f..jpg,https://grapplingindustries.smoothcomp.com/en/event/21395,0,March 22,False,US,United States,Sacramento,38.5398799,-121.4251586,['1'],2025-03-22,2025-03-22
21416,NEWBREED HOUSTON SPRING CHAMPIONSHIP,https://smoothcomp.com/pictures/t/5321802-lwy7/newbreed-houston-spring-championship-2025.jpg,/build/webpack/img/sc/fallback.8fe47956faa4fb29c29f..jpg,https://newbreedbjj.smoothcomp.com/en/event/21416,0,March 22,False,US,United States,"Houston, TX",29.6695293,-95.4372316,['1'],2025-03-22,2025-03-22
21430,NEWBREED CHATTANOOGA SPRING CHAMPIONSHIP,https://smoothcomp.com/pictures/t/5381555-9kxe/newbreed-chattanooga-spring-championship-2025.jpg,/build/webpack/img/sc/fallback.8fe47956faa4fb29c29f..jpg,https://newbreedbjj.smoothcomp.com/en/event/21430,0,March 22,False,US,United States,"Chattanooga, TN",35.0000657,-85.1955775,['1'],2025-03-22,2025-03-22
21467,OKJJC 2025 - Oceania Kids Jiu Jitsu Championship ,https://smoothcomp.com/pictures/t/5334648-84oq/okjjc-2025-oceania-kids-jiu-jitsu-championship.jpg,/build/webpack/img/sc/fallback.8fe47956faa4fb29c29f..jpg,https://afbjj.smoothcomp.com/en/event/21467,0,March 23,False,AU,Australia,"Melbourne, Australia ",-37.7852815,144.9476719,"['1', '7']",2025-03-23,2025-03-23
21575,2025 Jager Jiu Jitsu Gi & No Gi Asian Open Championships,https://smoothcomp.com/pictures/t/5397405-92rh/2025-jager-jiu-jitsu-gi-no-gi-asian-open-championships.jpg,/build/webpack/img/sc/fallback.8fe47956faa4fb29c29f..jpg,https://bjjfphilippines.smoothcomp.com/en/event/21575,0,March 22,True,PH,Philippines,Makati,14.5729953,121.0197107,"['1', '7']",2025-03-22,2025-03-22
21577,2025 South East Asian Jiu Jitsu Gi & No Gi Friendship Games ,https://smoothcomp.com/pictures/t/5397419-c3nl/2025-south-east-asian-jiu-jitsu-gi-no-gi-friendship-games.jpg,/build/webpack/img/sc/fallback.8fe47956faa4fb29c29f..jpg,https://bjjfphilippines.smoothcomp.com/en/event/21577,0,March 22,True,PH,Philippines,Makati,14.5729953,121.0197107,"['1', '7']",2025-03-22,2025-03-22
21698,Controlled Combat March 2025,https://smoothcomp.com/pictures/t/5564034-hj72/controlled-combat-march-2025.jpg,/build/webpack/img/sc/fallback.8fe47956faa4fb29c29f..jpg,https://smoothcomp.com/en/event/21698,0,March 22,True,US,United States,"Leesburg, VA",39.1094970,-77.5549335,"['1', '7']",2025-03-22,2025-03-22
21786,Trondheim Open Grappling,https://smoothcomp.com/pictures/t/5403979-zsaq/trondheim-open-grappling-2025.jpg,/build/webpack/img/sc/fallback.8fe47956faa4fb29c29f..jpg,https://smoothcomp.com/en/event/21786,0,March 22,True,NO,Norway,Trondheim,63.4421873,10.4503326,"['1', '3']",2025-03-22,2025-03-22
21836,GOOD FIGHT: Battle at Boone,https://smoothcomp.com/pictures/t/5390455-1kdr/good-fight-battle-at-boone-2025.jpg,/build/webpack/img/sc/fallback.8fe47956faa4fb29c29f..jpg,https://goodfight.smoothcomp.com/en/event/21836,0,March 22,True,US,United States,"Boone, NC",36.2161290,-81.6509389,"['1', '7', '4', '3']",2025-03-22,2025-03-22
21838,Manchester Grappling Clash 4,https://smoothcomp.com/pictures/t/5390865-103k/manchester-grappling-clash-4-2025.jpg,/build/webpack/img/sc/fallback.8fe47956faa4fb29c29f..jpg,https://bjj247.smoothcomp.com/en/event/21838,0,March 22,True,GB,United Kingdom,Manchester,53.4831335,-2.2377183,"['1', '7', '3']",2025-03-22,2025-03-22
21843,Caloundra Open 2025,https://smoothcomp.com/pictures/t/5391936-g4mr/caloundra-open-2025.jpg,/build/webpack/img/sc/fallback.8fe47956faa4fb29c29f..jpg,https://afbjj.smoothcomp.com/en/event/21843,0,March 23,False,AU,Australia,Caloundra,-26.8055723,153.1205289,['1'],2025-03-23,2025-03-23
21852,CASTILLA Y LEÓN BJJ CUP GI & NO-GI 2025,https://smoothcomp.com/pictures/t/5715759-83r2/castilla-y-leon-bjj-cup-gi-no-gi-2025.jpg,/build/webpack/img/sc/fallback.8fe47956faa4fb29c29f..jpg,https://spainbjjtour.smoothcomp.com/en/event/21852,0,March 22,True,ES,Spain,León,42.5787044,-5.5521909,"['1', '7']",2025-03-22,2025-03-22
22090,FUJI European Open Bulgaria,https://smoothcomp.com/pictures/t/5447963-pcsz/fuji-european-open-bulgaria-2025.jpg,/build/webpack/img/sc/fallback.8fe47956faa4fb29c29f..jpg,https://fujibjj.smoothcomp.com/en/event/22090,0,March 22,True,BG,Bulgaria,Sofia,42.6664989,23.3235600,"['1', '7']",2025-03-22,2025-03-22
